<?xml version="1.0" encoding="UTF-8"?>

<presentation apphelp="com.ibm.mbs.doc,pm/c_pm_app.html" beanclass="psdi.webclient.beans.pm.PMAppBean" id="ex_pm" ismobile="false" mboname="PM" resultstableid="results_showlist" version="7.1.0.0">
	<page id="mainrec" scroll="false">
		<include controltoclone="pageHeader" id="INCLUDE-pageHeader"/>
		<clientarea id="clientarea">
			<tabgroup id="maintabs" style="form">
				<tab default="true" id="results" label="一覧" type="list">
					<menubar event="search" id="actiontoolbar" sourcemethod="getAppSearchOptions"/>
					<table datasrc="results_showlist" id="results_showlist" inputmode="readonly" label="予防保全" mboname="PM" orderby="pmnum desc" selectmode="multiple">
						<tablebody displayrowsperpage="20" filterable="true" filterexpanded="true" id="results_showlist_tablebody">
							<tablecol dataattribute="pmnum" filterable="false" id="results_showlist_tablebody_1" mxevent="toggleselectrow" mxevent_desc="行 {0} の選択" sortable="false" type="event"/>
							<tablecol dataattribute="pmnum" id="results_showlist_tablebody_2" mxevent="selectrecord" mxevent_desc="%1 へ移動" type="link"/>
							<tablecol dataattribute="description" id="results_showlist_tablebody_3"/>
							<tablecol dataattribute="LOCATIONS.DESCRIPTION" id="1575954121778" label="ロケーション名"/>
							<tablecol dataattribute="ASSETNUM" id="1586158674230" label="機器番号" lookup="USERCUST" menutype="ASSETMAIN"/>
							<tablecol dataattribute="ASSET.DESCRIPTION" id="1575954160765" label="機器名"/>
							<tablecol dataattribute="FREQUENCY" id="results_showlist_tablebody_6"/>
							<tablecol dataattribute="FREQUNIT" id="1575953929730" lookup="valuelist"/>
							<tablecol dataattribute="NEXTDATE" id="1575953978171" lookup="DATELOOKUP"/>
							<tablecol dataattribute="PARENT" id="1576051689017"/>
							<tablecol dataattribute="PARENT.DESCRIPTION" id="1576051691798" label="上位階層説明"/>
							<tablecol dataattribute="STATUS" id="1576051826298" lookup="valuelist"/>
							<tablecol dataattribute="forecastexists" id="results_showlist_tablebody_9"/>
							<tablecol dataattribute="siteid" id="results_showlist_tablebody_8" linkedcontrolid="qbe_grid3_3"/>
							<tablecol filterable="false" id="results_bookmark" mxevent="BOOKMARK" mxevent_desc="ブックマークに追加" mxevent_icon="btn_addtobookmarks.gif" sortable="false" type="event"/>
						</tablebody>
					</table>
				</tab>
				<tab id="main" label="予防保全" type="insert">
					<section border="true" id="main_grid2">
						<sectionrow id="main_grid2_r1">
							<sectioncol id="main_grid2_c1">
								<section id="main_grid2_s1">
									<multiparttextbox dataattribute="pmnum" descdataattribute="description" desclookup="longdesc" id="main_grid2_1" inputmode="readonly"/>
									<checkbox dataattribute="forecastexists" id="main_grid4_1_1_grid5_1_1_grid5A_2b"/>
									<checkbox dataattribute="lockforecast" id="main_grid2_3_4" inputmode="readonly"/>
								</section>
							</sectioncol>
							<sectioncol id="main_grid2_c2">
								<section id="main_grid2_s2">
									<textbox dataattribute="siteid" id="main_grid2_3_3"/>
									<textbox dataattribute="status" id="main_grid2_5" inputmode="readonly"/>
								</section>
							</sectioncol>
							<sectioncol id="main_grid2_c5">
								<section border="false" id="main_attachments">
									<table beanclass="psdi.webclient.beans.doclinks.DocLinksBean" description="下のボタンのいずれかをクリックすると、サービス要求に添付ファイルが追加されます。" id="attachments_table" inputmode="readonly" label="添付" orderby="ownertable, doctype" relationship="DOCLINKS">
										<tablebody displayrowsperpage="3" id="attachments_tablebody">
											<tablecol dataattribute="doctype" id="attachments_tablecol_1"/>
											<tablecol dataattribute="document" id="attachments_tablecol_2" type="openurl" urlattribute="weburl"/>
											<tablecol dataattribute="docinfo.description" id="attachments_tablecol_3"/>
											<tablecol filterable="false" id="attachments_tablecol_4" mxevent="toggledeleterow" mxevent_desc="行を削除対象にマーク" mxevent_icon="btn_garbage.gif" sortable="false" type="event"/>
										</tablebody>
										<buttongroup id="attachments_buttongroup">
											<pushbutton id="attachments_pushbutton_1" label="ファイルの添付" mxevent="ex_ssaddnewattachmentfile"/>
										</buttongroup>
										<tabledetails id="attachments_tabledetails"/>
									</table>
								</section>
							</sectioncol>
						</sectionrow>
					</section>
					<section id="main_grid4" label="詳細">
						<sectionrow id="main_grid4_1">
							<sectioncol id="main_grid4_1_1">
								<section id="main_grid4_1_1_grid4A">
									<multiparttextbox applink="EX_LOC" dataattribute="location" descdataattribute="locations.description" descinputmode="readonly" desclookup="longdesc" id="main_grid4_1_1_grid4A_1" lookup="ex_locations" menutype="locations" ondatachange="resetchildren"/>
									<multiparttextbox applink="EX_ASSET" dataattribute="assetnum" descdataattribute="asset.description" descinputmode="readonly" desclookup="longdesc" id="main_grid4_1_1_grid4A_3" label="機器" lookup="asset" menutype="assetmain" ondatachange="resetchildren"/>
									<multiparttextbox applink="routes" dataattribute="route" descdataattribute="routes.description" descinputmode="readonly" desclookup="longdesc" id="main_grid4_1_1_grid4A_5" lookup="routes" menutype="normal"/>
									<blankline id="main_grid4_blkline"/>
								</section>
							</sectioncol>
							<sectioncol id="main_grid4_1_1_grid5_1_1">
								<section id="main_grid4_1_1_grid5_1_1S">
									<textbox dataattribute="leadtime" id="main_grid4_1_1_grid5_1_1_grid5B_5"/>
									<checkbox dataattribute="leadtimeactive" id="main_grid4_1_1_grid5_1_1_grid5A_1"/>
									<checkbox dataattribute="inclforecast" id="main_grid4_1_1_grid5_1_1_grid5A_2"/>
								</section>
							</sectioncol>
							<sectioncol id="main_grid4_1_1_grid5_1_1a">
								<section id="main_grid4_1_1_grid5_1_1Sa">
									<textbox dataattribute="pmcounter" id="main_grid4_1_1_grid5_1_1_grid5A_12" inputmode="readonly"/>
									<checkbox dataattribute="jpseqinuse" id="main_grid4_1_1_grid5_1_1_grid5A_9"/>
									<checkbox dataattribute="haschildren" id="main_grid4_1_1_grid5_1_1_grid5A_8"/>
								</section>
							</sectioncol>
						</sectionrow>
					</section>
					<section id="main_grid5">
						<sectionrow id="main_grid5_1">
							<sectioncol id="main_grid5_1_1">
								<section id="main_grid5_1_1_section1" label="作業指示書情報">
									<sectionrow id="main_grid5_1_1_section1_row1">
										<sectioncol id="main_grid5_1_1_section1_row1_col1">
											<section id="main_grid5_1_1_grid5_1_1_grid5A">
												<textbox applink="EX_JP" dataattribute="jpnum" id="main_grid4_1_1_grid4A_7" lookup="pm_jobplan" menutype="normal"/>
												<defaultvalue dataattribute="WORKTYPE" defaulttype="insert" id="1606286433192" value="PM"/>
												<textbox dataattribute="worktype" id="main_grid5_1_1_grid5_1_1_grid5A_5" label="ワークタイプ" lookup="worktype"/>
												<defaultvalue dataattribute="WOSTATUS" id="1585184796728" value="新規"/>
											</section>
										</sectioncol>
										<sectioncol id="main_grid5_1_1_section1_row1_col2">
											<section id="main_grid5_1_1_grid5_1_1_grid5B">
												<textbox dataattribute="pluscjobplan.description" id="main_grid4_1_1_grid4A_8" inputmode="readonly" lookup="longdesc"/>
												<textbox dataattribute="laststartdate" id="main_grid5_1_1_grid5_1_1_grid5B_1" lookup="datelookup"/>
												<textbox dataattribute="lastcompdate" id="main_grid5_1_1_grid5_1_1_grid5B_2" lookup="datelookup"/>
												<textbox dataattribute="erlstwogendate" id="main_grid5_1_1_grid5_1_1_grid5B_3" inputmode="readonly" lookup="datelookup"/>
												<blankline id="plusg_main_grid5_1_1_grid5_1_1_blkline"/>
												<checkbox dataattribute="usefrequency" id="main_grid6_10"/>
												<checkbox dataattribute="parentchgsstatus" id="main_grid6_11"/>
											</section>
										</sectioncol>
									</sectionrow>
								</section>
							</sectioncol>
							<sectioncol id="main_grid6_1_1">
								<section id="main_grid6" label="責任" titlealign="left">
									<sectionrow id="main_grid6_r1">
										<sectioncol id="main_grid6_c1">
											<section id="main_grid6_s1">
												<multiparttextbox applink="EX_PERSONGR" dataattribute="EX_DRAFTDEPT" descdataattribute="EX_PERSONGROUP01.DESCRIPTION" descinputmode="readonly" desclookup="NONE" id="1583456236869" lookup="PERSONGROUP" menutype="NORMAL"/>
												<multiparttextbox applink="EX_PERSONGR" dataattribute="PERSONGROUP" descdataattribute="EX_PERSONGROUP03.DESCRIPTION" descinputmode="readonly" desclookup="NONE" id="1583456241013" label="工事部署" lookup="PERSONGROUP" menutype="NORMAL"/>
											</section>
										</sectioncol>
									</sectionrow>
								</section>
							</sectioncol>
						</sectionrow>
					</section>
				</tab>
				<tab id="frequency" label="周期">
					<section border="true" height="100" id="frequency_grid1">
						<sectionrow id="frequency_grid1_r1">
							<sectioncol id="frequency_grid1_c1">
								<section id="frequency_grid1_s1">
									<multiparttextbox dataattribute="pmnum" descdataattribute="description" desclookup="longdesc" id="frequency_grid1_1" inputmode="readonly"/>
								</section>
							</sectioncol>
							<sectioncol id="frequency_grid1_c2">
								<section id="frequency_grid1_s2">
									<textbox dataattribute="siteid" id="frequency_grid1_3" inputmode="readonly"/>
								</section>
							</sectioncol>
							<sectioncol id="frequency_grid1_c3">
								<section id="frequency_grid1_s3">
									<textbox dataattribute="status" id="frequency_grid1_6" inputmode="readonly"/>
									<checkbox dataattribute="forecastexists" id="frequency_grid1_6_a"/>
								</section>
							</sectioncol>
						</sectionrow>
					</section>
					<section height="110" id="frequency_grid1A" label="作業指示書生成情報">
						<sectionrow id="frequency_grid1A_r1">
							<sectioncol id="frequency_grid1A_c1">
								<section id="frequency_grid1A_s1">
									<checkbox dataattribute="usetargetdate" id="frequency_grid1A_usetarget"/>
								</section>
							</sectioncol>
							<sectioncol id="frequency_grid1A_c2">
								<section id="frequency_grid3">
									<checkbox dataattribute="pmactmeter" id="frequency_grid3_10"/>
									<checkbox dataattribute="pmassetwogen" id="frequency_grid3_11"/>
								</section>
							</sectioncol>
						</sectionrow>
					</section>
					<tabgroup id="frequency_freq">
						<tab default="true" id="frequency_freq_timebased" label="定期保全周期">
							<section height="100" id="frequency_freq_timebased_grid1">
								<sectionrow id="frequency_freq_timebased_grid1_r1">
									<sectioncol id="frequency_freq_timebased_grid1_c1">
										<section id="frequency_freq_timebased_grid1_s1">
											<textbox dataattribute="frequency" id="frequency_freq_timebased_grid1_1" synchronous="true"/>
											<textbox dataattribute="frequnit" id="frequency_freq_timebased_grid1_4" lookup="valuelist"/>
										</section>
									</sectioncol>
									<sectioncol id="frequency_freq_timebased_grid1_c2">
										<section id="frequency_freq_timebased_grid1_s2">
											<textbox dataattribute="alertlead" id="frequency_freq_timebased_grid1_2" synchronous="true"/>
											<textbox dataattribute="nextdate" id="frequency_freq_timebased_grid1_5" lookup="datelookup"/>
										</section>
									</sectioncol>
									<sectioncol id="frequency_freq_timebased_grid1_c3">
										<section id="frequency_freq_timebased_grid1_s3">
											<textbox dataattribute="extdate" id="frequency_freq_timebased_grid1_3" lookup="datelookup" synchronous="true"/>
											<checkbox dataattribute="AdjNextDue" id="frequency_freq_timebased_grid1_6"/>
										</section>
									</sectioncol>
									<sectioncol id="frequency_freq_timebased_grid1_c4">
										<section id="frequency_freq_timebased_grid1_s4">
											<textbox dataattribute="TARGSTARTTIME" id="frequency_freq_timebased_grid1_7"/>
										</section>
									</sectioncol>
								</sectionrow>
							</section>
						</tab>
						<tab id="frequency_freq_meterbased" label="計測値に基づく周期">
							<table id="frequency_freq_meterbased_meter_table" label="計測値に基づく周期" relationship="PMMETER">
								<tablebody displayrowsperpage="6" filterable="true" id="frequency_freq_meterbased_meter_table_tablebody">
									<tablecol filterable="false" id="frequency_freq_meterbased_meter_table_tablebody_1" mxevent="toggledetailstate" mxevent_desc="詳細の表示" sortable="false" type="event"/>
									<tablecol applink="meter" dataattribute="metername" id="frequency_frequency_meterbased_meter_table_tablebody_2" lookup="meter" menutype="normal"/>
									<tablecol dataattribute="meter.description" id="frequency_frequency_meterbased_meter_table_tablebody_3" showfilterfield="true" sortable="false">
										<textbox dataattribute="meter.description" id="frequency_frequency_meterbased_meter_table_tablebody_3a" inputmode="readonly" lookup="longdesc"/>
									</tablecol>
									<tablecol dataattribute="frequency" id="frequency_freq_meterbased_meter_table_tablebody_4" linkedcontrolid="frequency_freq_meterbased_meter_table_1_grid6_1"/>
									<tablecol dataattribute="unitstogo" id="frequency_freq_meterbased_meter_table_tablebody_5" linkedcontrolid="frequency_freq_meterbased_meter_table_1_grid7B_2" sortable="true"/>
									<tablecol dataattribute="Tolerance" id="frequency_freq_meterbased_meter_table_tablebody_6" linkedcontrolid="frequency_freq_meterbased_meter_table_1_grid6_5"/>
									<tablecol dataattribute="alertlead" id="frequency_freq_meterbased_meter_table_tablebody_7" linkedcontrolid="frequency_freq_meterbased_meter_table_1_grid6_2"/>
									<tablecol filterable="false" id="frequency_freq_meterbased_meter_table_tablebody_8" mxevent="toggledeleterow" mxevent_desc="行を削除対象にマーク" mxevent_icon="btn_garbage.gif" sortable="false" type="event"/>
								</tablebody>
								<tabledetails id="frequency_freq_meterbased_meter_table_1">
									<section id="frequency_freq_meterbased_meter_table_1_grid6" label="詳細">
										<sectionrow id="frequency_freq_meterbased_grid1_r1">
											<sectioncol id="frequency_freq_meterbased_grid1_c1">
												<section id="frequency_freq_meterbased_grid1_s1">
													<multiparttextbox applink="meter" dataattribute="metername" defaultfocus="true" descdataattribute="meter.description" descinputmode="readonly" desclookup="longdesc" id="frequency_frequ_meterbased_meter_table_1_grid6_8" lookup="meter" menutype="normal"/>
													<textbox dataattribute="frequency" id="frequency_freq_meterbased_meter_table_1_grid6_1" synchronous="true"/>
													<textbox dataattribute="alertlead" id="frequency_freq_meterbased_meter_table_1_grid6_2" synchronous="true"/>
													<textbox dataattribute="tolerance" id="frequency_freq_meterbased_meter_table_1_grid6_5" synchronous="true"/>
												</section>
											</sectioncol>
											<sectioncol id="frequency_freq_meterbased_grid1_c4">
												<section id="frequency_freq_meterbased_grid1_s4">
													<textbox dataattribute="average" id="frequency_freq_meterbased_meter_table_1_grid6_3" inputmode="readonly"/>
													<textbox dataattribute="rollover" id="frequency_freq_meterbased_meter_table_1_grid6_4" inputmode="readonly"/>
												</section>
											</sectioncol>
										</sectionrow>
									</section>
									<section id="frequency_freq_meterbased_meter_table_1_grid21">
										<sectionrow id="frequency_freq_meterbased_gri21_r1">
											<sectioncol id="frequency_freq_meterbased_grid21_c1">
												<section height="110" id="frequency_freq_meterbased_meter_table_1_grid7A" label="最終の作業指示書情報" titlealign="center">
													<textbox dataattribute="lastpmwogenread" id="frequency_freq_meterbased_meter_table_1_grid7A_1" readonly="true"/>
													<textbox dataattribute="lastpmwogenreaddt" id="frequency_freq_meterbased_meter_table_1_grid7A_2" lookup="datelookup"/>
												</section>
											</sectioncol>
											<sectioncol id="frequency_freq_meterbased_grid2_c1">
												<section height="110" id="frequency_freq_meterbased_meter_table_1_grid7B" label="次回の作業指示書予想" titlealign="center">
													<textbox dataattribute="readingatnextwo" id="frequency_freq_meterbased_meter_table_1_grid7B_1"/>
													<textbox dataattribute="unitstogo" id="frequency_freq_meterbased_meter_table_1_grid7B_2"/>
													<textbox dataattribute="dateofnextwo" id="frequency_freq_meterbased_meter_table_1_grid7B_3" lookup="datelookup"/>
												</section>
											</sectioncol>
										</sectionrow>
									</section>
								</tabledetails>
								<buttongroup id="frequency_freq_meterbased_meter_table_2">
									<pushbutton default="true" id="frequency_freq_meterbased_meter_table_2_1" label="新規行" mxevent="addrow"/>
								</buttongroup>
							</table>
						</tab>
					</tabgroup>
				</tab>
				<tab id="jobplanseq" label="作業標準順序">
					<section border="true" id="jobplanseq_grid2">
						<sectionrow id="jobplanseq_grid2_r1">
							<sectioncol id="jobplanseq_grid2_c1">
								<section id="jobplanseq_grid2_s1">
									<multiparttextbox dataattribute="pmnum" descdataattribute="description" desclookup="longdesc" id="jobplanseq_grid2_1" inputmode="readonly"/>
								</section>
							</sectioncol>
							<sectioncol id="jobplanseq_grid2_c2">
								<section id="jobplanseq_grid2_s2">
									<textbox dataattribute="siteid" id="jobplanseq_grid2_3" inputmode="readonly"/>
								</section>
							</sectioncol>
							<sectioncol id="jobplanseq_grid2_c3">
								<section id="jobplanseq_grid2_s3">
									<textbox dataattribute="status" id="jobplanseq_grid2_4" inputmode="readonly"/>
									<checkbox dataattribute="forecastexists" id="jobplanseq_grid2_4_a"/>
								</section>
							</sectioncol>
						</sectionrow>
					</section>
					<section height="115" id="jobplanseq_grid3">
						<sectionrow id="jobplanseq_grid3_r1">
							<sectioncol id="jobplanseq_grid3_c1">
								<section id="jobplanseq_grid3_s1">
									<multiparttextbox applink="ex_loc" dataattribute="location" descdataattribute="locations.description" descinputmode="readonly" desclookup="longdesc" id="jobplanseq_grid3_1" lookup="ex_locations" menutype="locations"/>
									<multiparttextbox applink="ex_asset" dataattribute="assetnum" descdataattribute="asset.description" descinputmode="readonly" desclookup="longdesc" id="jobplanseq_grid3_3" label="機器" lookup="asset" menutype="assetmain"/>
									<multiparttextbox applink="ex_jobplan" dataattribute="jpnum" descdataattribute="pluscjobplan.description" descinputmode="readonly" desclookup="longdesc" id="jobplanseq_grid3_5" lookup="pm_jobplan" menutype="normal"/>
								</section>
							</sectioncol>
							<sectioncol id="jobplanseq_grid3_c2">
								<section id="jobplanseq_grid3_s2">
									<textbox applink="storeroom,ipc" dataattribute="storeloc" id="jobplanseq_grid3_7" lookup="storelocsite" menutype="normal"/>
									<textbox dataattribute="storelocsite" id="jobplanseq_grid3_12" lookup="storelocsite"/>
								</section>
							</sectioncol>
						</sectionrow>
					</section>
					<table id="jobplanseq_sequence_table1" label="作業標準順序" relationship="PMSEQUENCE">
						<tablebody displayrowsperpage="7" filterable="true" id="jobplanseq_sequence_table1_tablebody">
							<tablecol applink="jobplan" dataattribute="jpnum" id="jobplanseq_sequence_table1_tablebody_2" lookup="pm_jobplan" menutype="normal"/>
							<tablecol dataattribute="pluscjobplan.description" id="jobplanseq_sequence_table1_tablebody_3" inputmode="readonly" lookup="longdesc" sortable="false"/>
							<tablecol dataattribute="interval" id="jobplanseq_sequence_table1_tablebody_4" linkedcontrolid="jobplanseq_sequence_table1_1_grid7_3"/>
							<tablecol filterable="false" id="jobplanseq_sequence_table1_tablebody_5" mxevent="toggledeleterow" mxevent_desc="行を削除対象にマーク" mxevent_icon="btn_garbage.gif" sortable="false" type="event"/>
						</tablebody>
						<tabledetails id="jobplanseq_sequence_table1_1"/>
						<buttongroup id="jobplanseq_sequence_table1_2">
							<pushbutton default="true" id="jobplanseq_sequence_table1_2_1" label="新規行" mxevent="addrow"/>
						</buttongroup>
					</table>
				</tab>
				<tab id="pmhier" label="予防保全階層">
					<section border="true" id="pmhier_grid3">
						<section id="1581653113902">
							<sectionrow id="1581653119198">
								<sectioncol id="1581653121028">
									<section id="pmhier_grid3_s1">
										<multiparttextbox dataattribute="pmnum" descdataattribute="description" desclookup="longdesc" id="pmhier_grid3_1" inputmode="readonly"/>
										<multiparttextbox dataattribute="parent" descdataattribute="parent.description" desclookup="longdesc" id="pmhier_grid3_5" lookup="pm" menutype="hier" movetoattribute="pmnum" movetoresultset="rec"/>
									</section>
								</sectioncol>
								<sectioncol id="1581653123033">
									<section id="pmhier_grid3_s2">
										<textbox dataattribute="siteid" id="pmhier_grid3_3" inputmode="readonly"/>
									</section>
								</sectioncol>
								<sectioncol id="1581653124818">
									<section id="pmhier_grid3_s3">
										<textbox dataattribute="status" id="pmhier_grid3_4" inputmode="readonly"/>
										<checkbox dataattribute="forecastexists" id="pmhier_grid3_4_a"/>
									</section>
								</sectioncol>
								<sectioncol id="1581653119217"/>
							</sectionrow>
						</section>
					</section>
					<table id="pmhier_children_table1" label="下位階層" relationship="CHILDREN">
						<tablebody displayrowsperpage="12" filterable="true" id="pmhier_children_table1_tablebody">
							<tablecol filterable="false" id="pmhier_children_table1_tablebody_1" mxevent="toggledetailstate" mxevent_desc="詳細の表示" sortable="false" type="event"/>
							<tablecol dataattribute="wosequence" id="pmhier_children_table1_tablebody_2" linkedcontrolid="pmhier_children_table1_1_grid5_1"/>
							<tablecol dataattribute="pmnum" id="pmhier_children_table1_tablebody_3" lookup="pm" menutype="hier" movetoattribute="pmnum" movetoresultset="rec"/>
							<tablecol dataattribute="description" id="pmhier_children_table1_tablebody_4">
								<textbox id="pmhier_children_table1_tablebody_4_1" inputmode="readonly" lookup="longdesc"/>
							</tablecol>
							<tablecol dataattribute="assetnum" id="pmhier_children_table1_tablebody_5" label="機器">
								<textbox applink="ex_asset" id="pmhier_children_table1_tablebody_5_1" inputmode="readonly" lookup="asset" menutype="assetmain"/>
							</tablecol>
							<tablecol dataattribute="location" id="pmhier_children_table1_tablebody_6">
								<textbox applink="ex_loc" id="pmhier_children_table1_tablebody_6_1" inputmode="readonly" lookup="EX_LOCATIONS" menutype="LOCATIONS"/>
							</tablecol>
							<tablecol dataattribute="status" id="pmhier_children_table1_tablebody_7" linkedcontrolid="pmhier_children_table1_1_grid5_4"/>
							<tablecol filterable="false" id="pmhier_children_table1_tablebody_8" mxevent="toggledeleterow" mxevent_desc="行を削除対象にマーク" mxevent_icon="btn_garbage.gif" sortable="false" type="event"/>
						</tablebody>
						<tabledetails id="pmhier_children_table1_1">
							<section id="pmhier_children_table1_1_grid5" label="詳細">
								<sectionrow id="pmhier_children_table1_1_r1">
									<sectioncol id="pmhier_children_table1_1_c1">
										<section id="pmhier_children_table1_1_s1">
											<textbox dataattribute="wosequence" defaultfocus="true" id="pmhier_children_table1_1_grid5_1"/>
											<multiparttextbox dataattribute="pmnum" descdataattribute="description" descinputmode="readonly" desclookup="longdesc" id="pmhier_children_table1_1_grid5_2" lookup="pm" menutype="hier" movetoattribute="pmnum" movetoresultset="rec"/>
											<multiparttextbox applink="EX_ASSET" dataattribute="assetnum" descdataattribute="asset.description" descinputmode="readonly" desclookup="longdesc" id="pmhier_children_table1_1_grid5_6" inputmode="readonly" label="機器" menutype="assetmain"/>
											<multiparttextbox applink="EX_LOC" dataattribute="location" descdataattribute="locations.description" descinputmode="readonly" desclookup="longdesc" id="pmhier_children_table1_1_grid5_8" inputmode="readonly" menutype="locations"/>
										</section>
									</sectioncol>
									<sectioncol id="pmhier_children_table1_1_c2">
										<section id="pmhier_children_table1_1_s2">
											<textbox dataattribute="status" id="pmhier_children_table1_1_grid5_4" inputmode="readonly"/>
										</section>
									</sectioncol>
								</sectionrow>
							</section>
						</tabledetails>
						<buttongroup id="pmhier_children_table1_2">
							<pushbutton default="true" id="pmhier_children_table1_2_1" label="新規行" mxevent="addrow"/>
						</buttongroup>
					</table>
				</tab>
				<tab id="forecast" label="予測" tabchangeevent="forecastTabChanged">
					<section border="true" height="100" id="forecast_grid1">
						<section id="1581653181230">
							<sectionrow id="1581653184152">
								<sectioncol id="1581653193002">
									<section id="forecast_grid1_s1">
										<multiparttextbox dataattribute="pmnum" descdataattribute="description" desclookup="longdesc" id="forecast_grid1_1" inputmode="readonly"/>
									</section>
								</sectioncol>
								<sectioncol id="1581653190652">
									<section id="forecast_grid1_s2">
										<textbox dataattribute="siteid" id="forecast_grid1_3" inputmode="readonly"/>
										<checkbox dataattribute="lockforecast" id="forecast_grid1_4" inputmode="readonly"/>
									</section>
								</sectioncol>
								<sectioncol id="1581653188824">
									<section id="forecast_grid1_s3">
										<textbox dataattribute="status" id="forecast_grid1_6" inputmode="readonly"/>
										<checkbox dataattribute="reforecast" id="forecast_grid1_7"/>
										<defaultvalue dataattribute="REFORECAST" defaulttype="insert" id="1586765060151" value="1"/>
									</section>
								</sectioncol>
								<sectioncol id="15816531841522"/>
							</sectionrow>
						</section>
					</section>
					<table beanclass="psdi.webclient.beans.pm.PMForecastDisplayBean" id="pmforecast_table1" label="予測の詳細" orderby="forecastdate asc" relationship="TOPLEVELPMFORECAST">
						<tablebody displayrowsperpage="20" filterable="true" id="pmforecast_table1_tablebody">
							<tablecol filterable="true" id="pmforecast_table1_tablebody_1" mxevent="toggledetailstate" mxevent_desc="詳細の表示" sortable="false" type="event"/>
							<tablecol dataattribute="forecastdate" id="pmforecast_table1_tablebody_2" inputmode="readonly" lookup="datelookup" sortable="true"/>
							<tablecol applink="EX_JP" dataattribute="jpnum" id="pmforecast_table1_tablebody_4" inputmode="readonly" menutype="normal"/>
							<tablecol dataattribute="newdate" id="pmforecast_table1_tablebody_5" linkedcontrolid="pmforecast_table1_1_grid5_2" lookup="datelookup"/>
							<tablecol applink="person" dataattribute="changeby" id="pmforecast_table1_tablebody_6" inputmode="readonly" lookup="person" menutype="normal"/>
							<tablecol dataattribute="changedate" id="pmforecast_table1_tablebody_7" inputmode="readonly" lookup="datelookup"/>
							<tablecol dataattribute="remarks" id="pmforecast_table1_tablebody_9" linkedcontrolid="pmforecast_table1_1_grid5_6"/>
							<tablecol dataattribute="regenerate" id="pmforecast_table1_tablebody_10" inputmode="readonly"/>
							<tablecol filterable="false" id="pmforecast_table1_tablebody_8" mxevent="toggledeleterow" mxevent_desc="行を削除対象にマーク" mxevent_icon="btn_garbage.gif" sortable="false" type="event"/>
						</tablebody>
						<tabledetails id="pmforecast_table1_1">
							<section id="pmforecast_table1_1_grid5" label="詳細">
								<sectionrow id="pmforecast_table1_1_r1">
									<sectioncol id="pmforecast_table1_1_c1">
										<section id="pmforecast_table1_1_s1">
											<textbox dataattribute="forecastdate" id="pmforecast_table1_1_grid5_1" inputmode="readonly"/>
											<textbox dataattribute="newdate" defaultfocus="true" id="pmforecast_table1_1_grid5_2" lookup="datelookup"/>
											<textbox applink="EX_JP" dataattribute="jpnum" id="pmforecast_table1_1_grid5_5" inputmode="readonly" menutype="normal"/>
											<textbox dataattribute="remarks" id="pmforecast_table1_1_grid5_6"/>
										</section>
									</sectioncol>
									<sectioncol id="pmforecast_table1_1_c2">
										<section id="pmforecast_table1_1_s2">
											<textbox dataattribute="changeby" id="pmforecast_table1_1_grid5_3" inputmode="readonly"/>
											<textbox dataattribute="changedate" id="pmforecast_table1_1_grid5_4" inputmode="readonly"/>
											<checkbox dataattribute="regenerate" id="pmforecast_table1_1_grid5_7" inputmode="readonly"/>
										</section>
									</sectioncol>
								</sectionrow>
							</section>
						</tabledetails>
						<buttongroup id="pmforecast_table1_btn">
							<pushbutton id="pmforecast_table1_btn_1" label="保留中の再予測を処理" mxevent="reforecast"/>
						</buttongroup>
					</table>
				</tab>
				<tab id="resources" label="予測コスト">
					<section id="resources_grid1">
						<section id="1581653282098">
							<sectionrow id="1581653322939">
								<sectioncol id="1581653326779">
									<multiparttextbox dataattribute="pmnum" descdataattribute="description" id="resources_grid1_1" inputmode="readonly"/>
								</sectioncol>
								<sectioncol id="1581653325512">
									<textbox dataattribute="siteid" id="resources_grid1_2"/>
								</sectioncol>
								<sectioncol id="1581653328230"/>
								<sectioncol id="15816533229392"/>
							</sectionrow>
							<sectionrow id="1581653288112">
								<sectioncol id="1581653290890">
									<textbox dataattribute="pmfpcostcaldate" id="sresources_grid1_4" inputmode="readonly"/>
								</sectioncol>
								<sectioncol id="1581653294201">
									<textbox dataattribute="grandtotalcost" id="sresources_grid1_5" inputmode="readonly" size="13"/>
								</sectioncol>
								<sectioncol id="resources_grid1_11_3">
									<pushbutton id="sresources_grid1_3" label="コストの計算" mxevent="calculatepmfocost"/>
								</sectioncol>
								<sectioncol id="1581653292298"/>
								<sectioncol id="15816532881122"/>
							</sectionrow>
						</section>
					</section>
					<table beanclass="psdi.webclient.beans.pm.PMForecastDisplayBean" id="pmforecast_table2" inputmode="readonly" label="予測の詳細" orderby="forecastseqno asc" relationship="PMFORECASTJP">
						<tablebody displayrowsperpage="10" filterable="true" id="pmforecast_table2_tablebody">
							<tablecol filterable="true" id="pmforecast_table2_tablebody_1" mxevent="toggleselectrow" sortable="false" type="event"/>
							<tablecol dataattribute="PMFORECAST.forecastdate" id="pmforecast_table2_tablebody_2" inputmode="readonly" lookup="datelookup" sortable="true"/>
							<tablecol applink="EX_JP" dataattribute="jpnum" id="pmforecast_table2_tablebody_4" inputmode="readonly" menutype="normal"/>
							<tablecol dataattribute="nestedjp" id="pmforecast_table2_tablebody_5" inputmode="readonly"/>
							<tablecol dataattribute="route" id="pmforecast_table2_tablebody_51" inputmode="readonly"/>
							<tablecol dataattribute="routestopid" id="pmforecast_table2_tablebody_52" inputmode="readonly"/>
							<tablecol dataattribute="TOTALMATCOST" id="pmforecast_table2_tablebody_8" inputmode="readonly"/>
							<tablecol dataattribute="totalServCost" id="pmforecast_table2_tablebody_10" inputmode="readonly" label="サービスコスト合計"/>
							<tablecol dataattribute="totalCost" id="pmforecast_table2_tablebody_11" inputmode="readonly"/>
						</tablebody>
					</table>
					<tabgroup id="resources_group">
						<tab default="true" id="resourcegrpmat" label="資材">
							<table id="resourcegrpmat_table" inputmode="readonly" label="資材" parentdatasrc="pmforecast_table2" relationship="PMFORECASTMATERIAL">
								<tablebody displayrowsperpage="6" filterable="true" id="resourcegrpmat_tablebody">
									<tablecol filterable="false" id="resourcegrpmat_table_tablebody_1" mxevent="toggleselectrow" sortable="false" type="event"/>
									<tablecol dataattribute="JOBMATERIAL.itemnum" id="resourcegrpmat_table_tablebody_2"/>
									<tablecol dataattribute="JOBMATERIAL.EX_DESCRIPTION" id="1613279516822" label="品名"/>
									<tablecol dataattribute="JOBMATERIAL.itemqty" id="resourcegrpmat_table_tablebody_3"/>
									<tablecol dataattribute="thismatcost" id="resourcegrpmat_table_tablebody_4"/>
								</tablebody>
							</table>
						</tab>
						<tab default="false" id="resourcegrpserv" label="サービス">
							<table id="resourcegrpserv_table" inputmode="readonly" label="サービス" parentdatasrc="pmforecast_table2" relationship="PMFORECASTSERVICE">
								<tablebody displayrowsperpage="6" filterable="true" id="resourcegrpserv_tablebody">
									<tablecol filterable="false" id="resourcegrpserv_table_tablebody_1" mxevent="toggleselectrow" sortable="false" type="event"/>
									<tablecol dataattribute="JOBSERVICE.EX_DESCRIPTION" id="resourcegrpserv_table_tablebody_2"/>
									<tablecol dataattribute="JOBSERVICE.EX_UNITCOST" id="resourcegrpserv_table_tablebody_4"/>
								</tablebody>
							</table>
						</tab>
					</tabgroup>
				</tab>
				<tab id="1577171875264" label="予測コスト（パッケージ）" tabchangeevent="forecastTabChanged">
					<section id="1581653421700">
						<section border="true" height="100" id="15771718752642">
							<sectionrow id="15771718752643">
								<sectioncol id="1577171875286">
									<section id="15771718752862">
										<multiparttextbox dataattribute="pmnum" descdataattribute="description" desclookup="longdesc" id="15771718752863" inputmode="readonly"/>
									</section>
								</sectioncol>
								<sectioncol id="15771718752864">
									<section id="15771718752865">
										<textbox dataattribute="siteid" id="15771718752866" inputmode="readonly"/>
										<checkbox dataattribute="lockforecast" id="1577171875302" inputmode="readonly"/>
									</section>
								</sectioncol>
								<sectioncol id="1581653397185">
									<section id="15771718753023">
										<textbox dataattribute="status" id="15771718753024" inputmode="readonly"/>
										<checkbox dataattribute="reforecast" id="15771718753025"/>
									</section>
								</sectioncol>
								<sectioncol id="15771718753022"/>
							</sectionrow>
						</section>
					</section>
					<table beanclass="psdi.webclient.beans.pm.PMForecastDisplayBean" id="1577171875317" inputmode="readonly" label="予測コスト（パッケージ）" orderby="forecastdate asc" relationship="TOPLEVELPMFORECAST">
						<tablebody displayrowsperpage="20" filterable="true" id="15771718753172">
							<tablecol dataattribute="forecastdate" id="15771718753174" inputmode="readonly" lookup="datelookup" sortable="true"/>
							<tablecol applink="EX_JP" dataattribute="jpnum" id="15771718753175" inputmode="readonly" menutype="normal"/>
							<tablecol dataattribute="newdate" id="15771718753176" linkedcontrolid="pmforecast_table1_1_grid5_2" lookup="datelookup"/>
							<tablecol dataattribute="EX_TOTALMATCOSTNP" id="1577179941979"/>
							<tablecol dataattribute="EX_TOTALSERVCOSTNP" id="1577179943995"/>
							<tablecol dataattribute="EX_TOTALCOSTNP" id="1577177076056"/>
						</tablebody>
						<tabledetails id="15771718753333"/>
					</table>
					<section id="1577172831233">
						<table id="1577172835544" inputmode="readonly" label="コスト明細" parentdatasrc="1577171875317" relationship="EX_PMFORECASTJP01">
							<tablebody id="1577172835559">
								<tablecol applink="EX_PM" dataattribute="PMNUM" id="15771728355592" inputmode="readonly" menutype="NORMAL">
									<textbox id="1577239655972"/>
								</tablecol>
								<tablecol dataattribute="EX_PM01.DESCRIPTION" id="1577173108495" width="300"/>
								<tablecol dataattribute="EX_PM01.ASSET.DESCRIPTION" id="1577173298683" label="機器名" width="250"/>
								<tablecol applink="EX_JP" dataattribute="EX_PM01.JPNUM" id="1577173481439" inputmode="readonly" menutype="NORMAL">
									<textbox id="1577239658892"/>
								</tablecol>
								<tablecol dataattribute="TOTALMATCOST" id="1577173232920"/>
								<tablecol dataattribute="TOTALSERVCOST" id="1577173235058" label="サービスコスト合計"/>
								<tablecol dataattribute="TOTALCOST" id="1577173236652"/>
							</tablebody>
							<tabledetails id="15771728355593"/>
						</table>
					</section>
				</tab>
			</tabgroup>
		</clientarea>
		<include controltoclone="pageFooter" id="INCLUDE-pageFooter"/>
	</page>

	<dialog id="displaywo" label="生成された作業指示書の表示">
		<section border="true" height="50" id="displaywo_grid1">
			<sectionrow id="displaywo_grid1_1">
				<sectioncol id="displaywo_grid1_1_1">
					<section id="displaywo_grid1_1_1_grid22"/>
				</sectioncol>
			</sectionrow>
		</section>
		<buttongroup id="displaywo_2">
			<pushbutton default="true" id="displaywo_2_1" label="OK" mxevent="dialogok"/>
		</buttongroup>
	</dialog>

	<dialog beanclass="psdi.webclient.system.beans.QbeBean" id="searchmore" inputmode="query" label="検索条件の入力">
		<section id="qbe_grid3">
			<sectionrow id="qbe_grid3_r1">
				<sectioncol id="qbe_grid3_r1c1">
					<section id="qbe_grid3_r1c11">
						<multiparttextbox dataattribute="pmnum" descdataattribute="description" descinputmode="query" id="qbe_grid3_1" inputmode="query"/>
						<multiparttextbox applink="location,ipc" dataattribute="location" descdataattribute="locations.description" descinputmode="query" id="qbe_grid3_5" inputmode="query" lookup="locations" menutype="locations"/>
						<textbox applink="location,ipc" dataattribute="primarysyslocpm.ancestor" id="qbe_grid6_1_1_11" inputmode="query" lookup="locations" menutype="locations"/>
						<multiparttextbox applink="asset,ipc" dataattribute="assetnum" descdataattribute="asset.description" descinputmode="query" id="qbe_grid3_9" inputmode="query" label="機器" lookup="asset" menutype="assetmain"/>
						<multiparttextbox applink="routes" dataattribute="route" descdataattribute="routes.description" descinputmode="query" id="qbe_grid3_13" inputmode="query" lookup="routes" menutype="normal"/>
					</section>
				</sectioncol>
				<sectioncol id="qbe_grid3_r1c2">
					<section id="qbe_grid3_r1c21">
						<textbox dataattribute="status" id="qbe_grid3_4" inputmode="query" lookup="valuelist"/>
						<textbox dataattribute="siteid" id="qbe_grid3_3" inputmode="query" lookup="site"/>
						<textbox dataattribute="leadtime" id="qbe_grid6_1_1_9" inputmode="query"/>
					</section>
				</sectioncol>
			</sectionrow>
		</section>
		<section id="qbe_grid3a">
			<sectionrow id="qbe_grid3a_r1">
				<sectioncol id="qbe_grid3a_r1_c1">
					<section id="qbe_grid3a_r1_c1_s1" label="作業指示書情報">
						<multiparttextbox applink="jobplan" dataattribute="jpnum" descdataattribute="pluscjobplan.description" descinputmode="query" id="qbe_grid3_15" inputmode="query" lookup="jobplan" menutype="normal"/>
						<textbox dataattribute="worktype" id="qbe_grid6_1_1_8" inputmode="query" label="ワークタイプ" lookup="pmworktype"/>
						<textbox dataattribute="wostatus" id="qbe_grid6_1_1_2" inputmode="query" lookup="valuelist"/>
						<textbox dataattribute="interruptible" id="qbe_grid6_1_1_10" inputmode="query"/>
					</section>
				</sectioncol>
				<sectioncol id="qbe_grid3a_r1_c2">
					<section id="qbe_grid3a_r1_c2_s1" label="責任">
						<sectioncol id="qbe_grid3a_r1_c2_s1_c2">
							<section id="qbe_grid3a_r1_c2_s1_c2_s1">
								<textbox applink="PERSONGR" dataattribute="EX_DRAFTDEPT" id="qbe_grid6_1_1_14" inputmode="query" lookup="PERSONGROUP" menutype="normal"/>
								<textbox applink="persongr" dataattribute="ownergroup" id="qbe_grid6_1_1_15" inputmode="query" label="主管部署" lookup="persongroup" menutype="normal"/>
								<textbox applink="persongr" dataattribute="persongroup" id="qbe_grid6_1_1_13" inputmode="query" label="工事部署" lookup="persongroup" menutype="normal"/>
							</section>
						</sectioncol>
					</section>
				</sectioncol>
			</sectionrow>
		</section>
		<section id="qbe_date_s1" label="日付">
			<sectionrow id="qbe_date_r1">
				<sectioncol id="qbe_date_r1_c1">
					<section id="qbe_date_r1_c1_s1">
						<sectionrow id="qbe_date_s1_r1">
							<sectioncol id="qbe_date_s1_r1_c1">
								<section id="qbe_date_s1_r1_c1_s1">
									<statictext align="center" id="qbe_date_s1_r1_c1_s1_st1"/>
								</section>
							</sectioncol>
							<sectioncol id="qbe_date_s1_r1_c2">
								<section id="qbe_date_s1_r1_c2_s1">
									<statictext align="center" id="qbe_date_s1_r1_c2_s1_st1" label="開始日"/>
								</section>
							</sectioncol>
							<sectioncol id="qbe_date_s1_r1_c3">
								<section id="qbe_date_s1_r1_c3_s1">
									<statictext align="center" id="qbe_date_s1_r1_c3_s1_st1" label="終了日"/>
								</section>
							</sectioncol>
						</sectionrow>
						<sectionrow id="qbe_date_s1_r2">
							<sectioncol id="qbe_date_s1_r2_c1">
								<section id="qbe_date_s1_r2_c1_s1">
									<statictext align="right" id="qbe_date_s1_r2_c1_s1_t1" label="次回作業開始日"/>
								</section>
							</sectioncol>
							<sectioncol id="qbe_date_s1_r2_c2">
								<section id="qbe_date_s1_r2_c2_s1">
									<textbox dataattribute="nextdate" hidelabel="true" id="qbe_grid3_11" inputmode="query" lookup="datelookup" prepend="&gt;="/>
								</section>
							</sectioncol>
							<sectioncol id="qbe_date_s1_r2_c3">
								<section id="qbe_date_s1_r2_c3_s1">
									<textbox dataattribute="nextdate" hidelabel="true" id="qbe_grid3_12" inputmode="query" lookup="datelookup" prepend="&lt;="/>
								</section>
							</sectioncol>
						</sectionrow>
					</section>
				</sectioncol>
				<sectioncol id="qbe_date_r1_c2">
					<section id="qbe_date_r1_c2_s1">
						<blankline id="qbe_blkline"/>
					</section>
				</sectioncol>
			</sectionrow>
		</section>
		<buttongroup id="qbe_grid5_1_1_grid6">
			<pushbutton default="true" id="qbe_grid5_1_1_grid6_1" label="検索" mxevent="dialogok"/>
			<pushbutton id="qbe_restoreappdefault_button" label="検索条件のクリア" mxevent="qbeclear"/>
			<pushbutton id="qbe_revisebutton" label="改訂" menutype="SEARCHMOREREVISE" targetid="searchmore"/>
			<pushbutton id="qbe_grid5_1_1_grid6_3" label="キャンセル" mxevent="qbecancel"/>
		</buttongroup>
	</dialog>

	<dialog beanclass="psdi.webclient.beans.pm.PMCounterBean" id="setpmcount" label="予防保全カウンターの設定">
		<section datasrc="MAINRECORD" id="setcount_grid1">
			<sectionrow id="setcount_grid1_1">
				<sectioncol id="setcount_grid1_1_1">
					<section id="setcount_grid1_1_1_grid2">
						<textbox dataattribute="pmcounter" id="setcount_grid1_1_1_grid2_1" inputmode="readonly"/>
						<textbox dataattribute="pmcount" id="setcount_grid1_1_1_grid2_2"/>
					</section>
				</sectioncol>
			</sectionrow>
		</section>
		<buttongroup id="setcount_2">
			<pushbutton default="true" id="setcount_2_1" label="OK" mxevent="updatecounter"/>
			<pushbutton id="setcount_2_2" label="キャンセル" mxevent="dialogcancel"/>
		</buttongroup>
	</dialog>

	<dialog hidehelp="true" id="plusgvfdh" label="故障および据え置き履歴の表示">
		<helpgrid id="plusgvfdh_help" innerhtml="デフォルトの履歴期間を変更するには、「履歴期間」フィールドで値を指定して、Tab キーを押します。"/>
		<section border="true" datasrc="MAINRECORD" id="plusgvfdh_s1">
			<multiparttextbox applink="location,ipc" dataattribute="location" descdataattribute="LOCATIONS.description" descinputmode="readonly" id="plusgvfdh_s1_1" inputmode="readonly" lookup="locations" menutype="locations"/>
			<textbox dataattribute="siteid" id="plusgvfdh_s1_2" inputmode="readonly" lookup="site"/>
			<textbox dataattribute="plusghistoryperiod" id="plusgvfdh_s1_3"/>
		</section>
		<section id="plusgvfdh_s2">
			<textbox dataattribute="plusgprevdefcount" id="plusgvfdh_s2_1" inputmode="readonly"/>
			<textbox dataattribute="plusgprevfailcount" id="plusgvfdh_s2_2" inputmode="readonly"/>
		</section>
		<buttongroup id="plusgvfdh_2">
			<pushbutton default="true" id="plusgvfdh_2_2" label="OK" mxevent="dialogclose"/>
		</buttongroup>
	</dialog>

	<dialog height="380" id="changestatusconfirm" label="ステータスの変更確認" width="510">
		<section border="true" id="changestatusconfirm_grid1">
			<sectionrow id="changestatusconfirm_grid1_1">
				<sectioncol id="changestatusconfirm_grid1_1_1"/>
			</sectionrow>
		</section>
		<buttongroup id="changestatusconfirm_2">
			<pushbutton default="true" id="changestatusconfirm_2_1" label="OK" mxevent="dialogok"/>
		</buttongroup>
	</dialog>

	<dialog beanclass="psdi.webclient.beans.pm.PMViewSequenceBean" id="viewseq" label="順序の表示" relationship="PMSEQUENCE" width="500">
		<helpgrid id="viewseq_help1" innerhtml="現在の予防保全から生成された作業指示書の作業標準の使用予定順序を表示します。"/>
		<table id="viewseq_seq_table1" inputmode="readonly" label="順序">
			<tablebody displayrowsperpage="20" id="viewseq_seq_table_tablebody1">
				<tablecol dataattribute="jpnum" id="viewseq_seq_table_tablebody_11" sortable="false"/>
				<tablecol dataattribute="pluscjobplan.description" id="viewseq_seq_table_tablebody_31" sortable="false"/>
				<tablecol dataattribute="interval" id="viewseq_seq_table_tablebody_21" sortable="false"/>
			</tablebody>
		</table>
		<buttongroup id="viewseq_21">
			<pushbutton default="true" id="viewseq_2_11" label="OK" mxevent="dialogok"/>
		</buttongroup>
	</dialog>

	<dialog beanclass="psdi.webclient.beans.pm.PMWOGenBean" id="list_generatewo" label="作業指示書の生成" relationship="pmworkgeneration">
		<datasrc beanclass="psdi.webclient.beans.repfacility.GenerateWOConditionalUIBean" id="list_generatewo_repfacilitysrc"/>
		<section height="50" id="list_generatewo_grid1">
			<textbox dataattribute="leadtime" id="list_generatewo_grid1_1_1_grid3_1"/>
			<checkbox dataattribute="usefrequency" id="list_generatewo_grid1_1_1_grid3_3"/>
			<checkbox dataattribute="async" id="list_generatewo_grid1_1_1_grid4_1"/>
			<textbox dataattribute="toemailaddr" id="list_generatewo_grid1_1_1_grid4_2"/>
			<multiparttextbox applink="location,ipc" dataattribute="REPAIRFACILITY" descdataattribute="REPAIRFACILITY.description" descinputmode="readonly" id="list_generatewo_grid1_1_1_grid4_3" longdescreadonly="true" lookup="repfacility" menutype="repfacility" sigoption="REPFACILITY" sigoptiondatasrc="list_generatewo_repfacilitysrc"/>
			<textbox dataattribute="REPFACSITEID" id="list_generatewo_grid1_1_1_grid4_4" inputmode="readonly" sigoption="REPFACILITY" sigoptiondatasrc="list_generatewo_repfacilitysrc"/>
			<checkbox dataattribute="USEASSETDEFREPFAC" id="list_generatewo_grid1_1_1_grid4_5" sigoption="REPFACILITY" sigoptiondatasrc="list_generatewo_repfacilitysrc"/>
		</section>
		<buttongroup id="list_generatewo_3">
			<pushbutton default="true" id="list_generatewo_3_1" label="OK" mxevent="beforedialogok"/>
			<pushbutton id="list_generatewo_3_2" label="キャンセル" mxevent="dialogcancel"/>
		</buttongroup>
	</dialog>

	<dialog beanclass="psdi.webclient.system.beans.ViewBookmarksBean" id="searchbook" label="ブックマーク" mboname="PM">
		<table id="bookmarks_table" inputmode="readonly" label="予防保全" selectmode="single">
			<tablebody displayrowsperpage="20" filterable="true" id="bookmarks_table_tablebody">
				<tablecol dataattribute="pmnum" id="bookmarks_tablebody_1" mxevent="selectrecord" type="link"/>
				<tablecol dataattribute="description" id="bookmarks_table_tablebody_2"/>
				<tablecol filterable="false" id="bookmarks_table_tablebody_delete" mxevent="instantdelete" mxevent_desc="削除" mxevent_icon="btn_delete.gif" sortable="false" type="event"/>
			</tablebody>
		</table>
		<buttongroup id="bookmarks_2">
			<pushbutton default="true" id="bookmarks_2_1" label="OK" mxevent="dialogok"/>
		</buttongroup>
	</dialog>

	<dialog beanclass="psdi.webclient.beans.pm.PMChangeStatusBean" id="list_status" label="ステータスの変更" listaction="false" relationship="PMCHANGESTATUS" savemode="ONUNLOAD">
		<section id="list_changestatus_grid1">
			<sectionrow id="list_changestatus_grid1_1">
				<sectioncol id="list_changestatus_grid1_1_1">
					<section id="list_changestatus_grid1_1_1_grid4">
						<combobox dataattribute="status" id="list_changestatus_grid1_1_1_grid4_1"/>
						<checkbox dataattribute="rolltoallchildren" id="list_changestatus_grid1_1_1_grid4_2"/>
					</section>
				</sectioncol>
			</sectionrow>
		</section>
		<buttongroup id="list_changestatus_2">
			<pushbutton default="true" id="list_changestatus_2_1" label="OK" mxevent="dialogok"/>
			<pushbutton id="list_changestatus_2_2" label="キャンセル" mxevent="dialogcancel"/>
		</buttongroup>
	</dialog>

	<dialog beanclass="psdi.webclient.beans.pm.PMSetLastMeterReadingBean" id="setlastmr" label="最終作業指示書計測値の設定" relationship="PMMETER" width="500">
		<helpgrid id="setlastmr_help" innerhtml="既存の資産の新規保全予防の開始ポイントを作成したり、保全予防のスケジュールをリセットするには、最終作業指示計測値に新しい値を入力します。"/>
		<table id="setlastmr_table" label="計測値">
			<tablebody displayrowsperpage="20" id="setlastmr_table_tablebody">
				<tablecol dataattribute="metername" id="setlastmr_table_tablebody_1" sortable="false"/>
				<tablecol dataattribute="lastpmwogenread" id="setlastmr_table_tablebody_2" sortable="false"/>
				<tablecol dataattribute="newreadingatnxtwo" id="setlastmr_table_tablebody_3" sortable="false"/>
			</tablebody>
		</table>
		<buttongroup id="setlastmr_2">
			<pushbutton default="true" id="setlastmr_2_1" label="OK" mxevent="dialogok"/>
			<pushbutton id="setlastmr_2_2" label="キャンセル" mxevent="dialogcancel"/>
		</buttongroup>
	</dialog>

	<dialog beanclass="psdi.webclient.beans.pm.PMWOGenBean" id="generatewo" label="作業指示書の生成" relationship="pmworkgeneration" savemode="ONLOAD">
		<datasrc beanclass="psdi.webclient.beans.repfacility.GenerateWOConditionalUIBean" id="generatewo_repfacilitysrc"/>
		<section height="50" id="generatewo_grid1">
			<textbox dataattribute="leadtime" id="generatewo_grid1_1_1_grid3_1"/>
			<checkbox dataattribute="usefrequency" id="generatewo_grid1_1_1_grid3_3"/>
			<checkbox dataattribute="async" id="generatewo_grid1_1_1_grid4_1"/>
			<textbox dataattribute="toemailaddr" id="generatewo_grid1_1_1_grid4_2"/>
			<multiparttextbox applink="location,ipc" dataattribute="REPAIRFACILITY" descdataattribute="REPAIRFACILITY.description" descinputmode="readonly" id="generatewo_grid1_1_1_grid4_3" longdescreadonly="true" lookup="repfacility" menutype="repfacility" sigoption="REPFACILITY" sigoptiondatasrc="generatewo_repfacilitysrc"/>
			<textbox dataattribute="REPFACSITEID" id="generatewo_grid1_1_1_grid4_4" inputmode="readonly" sigoption="REPFACILITY" sigoptiondatasrc="generatewo_repfacilitysrc"/>
			<checkbox dataattribute="USEASSETDEFREPFAC" id="generatewo_grid1_1_1_grid4_5" sigoption="REPFACILITY" sigoptiondatasrc="generatewo_repfacilitysrc"/>
		</section>
		<buttongroup id="generatewo_3">
			<pushbutton default="true" id="generatewo_3_1" label="OK" mxevent="dogenerate"/>
			<pushbutton id="generatewo_3_2" label="キャンセル" mxevent="dialogcancel"/>
		</buttongroup>
	</dialog>

	<dialog id="status" label="ステータスの変更" relationship="PMCHANGESTATUS" savemode="ONLOAD">
		<section id="changestatus_grid1">
			<sectionrow id="changestatus_grid1_1">
				<sectioncol id="changestatus_grid1_1_1">
					<section border="true" datasrc="MAINRECORD" id="changestatus_grid1_1_1_grid3">
						<multiparttextbox dataattribute="pmnum" descdataattribute="description" descinputmode="readonly" id="changestatus_grid1_1_1_grid3_1"/>
						<multiparttextbox dataattribute="status" descdataattribute="statusdesc.description" descinputmode="readonly" id="changestatus_grid1_1_1_grid3_5" inputmode="readonly"/>
					</section>
					<section id="changestatus_grid1_1_1_grid4">
						<combobox dataattribute="status" id="changestatus_grid1_1_1_grid4_1"/>
						<checkbox dataattribute="rolltoallchildren" id="changestatus_grid1_1_1_grid4_2"/>
					</section>
				</sectioncol>
			</sectionrow>
		</section>
		<buttongroup id="changestatus_2">
			<pushbutton default="true" id="changestatus_2_1" label="OK" mxevent="dialogok"/>
			<pushbutton id="changestatus_2_2" label="キャンセル" mxevent="dialogcancel"/>
		</buttongroup>
	</dialog>

	<dialog beanclass="psdi.plusc.webclient.beans.pm.PlusCPMExtDateDataBean" id="pluscoxtdt" label="延長日の上書き" licensekey="CALIBRATION" relationship="PLUSCPMEXTDATE">
		<helpgrid id="pluscoxtdt_help" innerhtml="予防保全実施予定日を延長するには、将来の日付を入力します。" morehelp="com.ibm.cal.doc,pluscpm/t_override_extend_dates.html"/>
		<table id="pluscoxtdt_showlist1" label="延長日の詳細" selectmode="multiple" startempty="true" width="100%">
			<tablebody displayrowsperpage="20" filterable="true" id="pluscoxtdt_tb">
				<tablecol dataattribute="pmnum" id="pluscoxtdt_tb_c2" inputmode="readonly" label="予防保全"/>
				<tablecol dataattribute="masterpmnum" id="pluscoxtdt_tb_c3" inputmode="readonly" label="予防保全マスター"/>
				<tablecol dataattribute="extdate" id="pluscoxtdt_tb_c4" inputmode="readonly" label="延長日"/>
				<tablecol dataattribute="prevextdate" id="pluscoxtdt_tb_c5" inputmode="readonly" label="前の延長日"/>
				<tablecol dataattribute="changeby" id="pluscoxtdt_tb_c6" inputmode="readonly" label="変更者"/>
				<tablecol dataattribute="changedate" id="pluscoxtdt_tb_c7" inputmode="readonly" label="変更日"/>
				<tablecol dataattribute="comments" id="pluscoxtdt_tb_c8" label="コメント">
					<textbox dataattribute="comments" id="pluscoxtdt_tb_c8_textbox" inputmode="readonly" lookup="longdesc"/>
				</tablecol>
			</tablebody>
		</table>
		<section id="pluscoxtdt_s1" label="延長日">
			<sectionrow id="pluscoxtdt_s1_r1">
				<sectioncol id="pluscoxtdt_s1_c1">
					<section datasrc="MAINRECORD" id="pluscoxtdt_s1_c1_s1">
						<textbox dataattribute="extdate" id="pluscoxtdt_s1_c1_s1a1" inputmode="readonly" label="前の延長日" lookup="datelookup"/>
					</section>
				</sectioncol>
				<sectioncol id="pluscoxtdt_s21_c1">
					<section id="pluscoxtdt_s21_c1_s1">
						<textbox dataattribute="extdate" id="pluscoxtdt_s1_c1_s1a2" label="新規延長日" lookup="datelookup"/>
					</section>
				</sectioncol>
				<sectioncol id="pluscoxtdt_s3_c1">
					<section id="pluscoxtdt_s3_c1_s1">
						<textbox dataattribute="comments" id="pluscoxtdt_s1_c1_s1a3" label="コメント" lookup="longdesc"/>
					</section>
				</sectioncol>
			</sectionrow>
		</section>
		<buttongroup id="pluscoxtdt_2">
			<pushbutton default="true" id="pluscoxtdt_2_1" label="OK" mxevent="dialogok"/>
			<pushbutton id="pluscoxtdt_2_2" label="キャンセル" mxevent="dialogcancel"/>
		</buttongroup>
	</dialog>

	<dialog beanclass="psdi.webclient.beans.pm.PMForecastBean" hidehelp="true" id="list_generatefo" label="予測の生成" relationship="pmforecastgen">
		<helpgrid id="list_generatefo_help" innerhtml="予防保全レコードを予測する期間を入力してください。 予測はバックグラウンドで実行できます。 予測日は「予測」タブに表示されます。"/>
		<section id="list_generatefo_grid1">
			<textbox dataattribute="genuntildate" id="list_generatefo_grid1_1" lookup="datelookup" synchronous="true"/>
			<textbox dataattribute="genduration" id="list_generatefo_grid1_2" synchronous="true"/>
			<checkbox dataattribute="async" id="list_generatefo_grid1_3"/>
			<textbox dataattribute="toemailaddr" id="list_generatefo_grid1_4"/>
		</section>
		<statictext id="list_generatefo_help2" label="注: 再予測が保留中である場合は、このアクションの実行時に予測日が適切に調整されます。"/>
		<buttongroup id="list_generatefo_3">
			<pushbutton default="true" id="list_generatefo_3_1" label="OK" mxevent="doforecast"/>
			<pushbutton id="list_generatefo_3_2" label="キャンセル" mxevent="dialogcancel"/>
		</buttongroup>
	</dialog>

	<dialog beanclass="psdi.webclient.beans.pm.PMForecastBean" hidehelp="true" id="generatefo" label="予測の生成" relationship="pmforecastgen" savemode="ONLOADUNLOAD">
		<helpgrid id="generatefo_help" innerhtml="予防保全レコードを予測する期間を入力してください。 予測はバックグラウンドで実行できます。 予測日は「予測」タブに表示されます。"/>
		<section id="generatefo_grid1">
			<textbox dataattribute="lastforecastdate" datasrc="MAINRECORD" id="generatefo_grid1_5"/>
			<textbox dataattribute="genuntildate" id="generatefo_grid1_1" lookup="datelookup" synchronous="true"/>
			<textbox dataattribute="genduration" id="generatefo_grid1_2" synchronous="true"/>
			<checkbox dataattribute="async" id="generatefo_grid1_3"/>
			<textbox dataattribute="toemailaddr" id="generatefo_grid1_4"/>
		</section>
		<statictext id="generatefo_help2" label="注: 再予測が保留中である場合は、このアクションの実行時に予測日が適切に調整されます。"/>
		<buttongroup id="generatefo_3">
			<pushbutton default="true" id="generatefo_3_1" label="OK" mxevent="doforecast"/>
			<pushbutton id="generatefo_3_2" label="キャンセル" mxevent="dialogcancel"/>
		</buttongroup>
	</dialog>

	<dialog id="createpm" label="関連予防保全の作成" relationship="ASSOCASSET">
		<helpgrid id="createpm_help" innerhtml="予防保全の作成が必要な資産またはロケーションのある各行のチェック・ボックスをオンに設定します。関連した予防保全を作成するには、「OK」をクリックします。"/>
		<tabgroup id="createpm_createpm">
			<tab default="true" id="createpm_createpm_asset" label="資産">
				<table id="createpm_createpm_asset_assocasset_table" relationship="ASSOCASSET" selectmode="multiple">
					<tablebody displayrowsperpage="15" filterable="true" filterexpanded="true" id="createpm_createpm_asset_assocasset_table_tablebody">
						<tablecol filterable="false" id="createpm_createpm_asset_assocasset_table_tablebody_1" mxevent="toggleselectrow" sortable="false" type="event"/>
						<tablecol dataattribute="assetnum" id="createpm_createpm_asset_assocasset_table_tablebody_2"/>
						<tablecol dataattribute="description" id="createpm_createpm_asset_assocasset_table_tablebody_3"/>
					</tablebody>
				</table>
			</tab>
			<tab id="createpm_createpm_location" label="ロケーション">
				<table id="createpm_createpm_location_assocloc_table" relationship="ASSOCLOC" selectmode="multiple">
					<tablebody displayrowsperpage="15" filterable="true" filterexpanded="true" id="createpm_createpm_location_assocloc_table_tablebody">
						<tablecol filterable="false" id="createpm_createpm_location_assocloc_table_tablebody_1" mxevent="toggleselectrow" sortable="false" type="event"/>
						<tablecol dataattribute="location" id="createpm_createpm_location_assocloc_table_tablebody_2"/>
						<tablecol dataattribute="locations.description" id="createpm_createpm_location_assocloc_table_tablebody_3"/>
					</tablebody>
				</table>
			</tab>
		</tabgroup>
		<buttongroup id="createpm_2">
			<pushbutton default="true" id="createpm_2_1" label="OK" mxevent="dialogok"/>
			<pushbutton id="createpm_2_2" label="キャンセル" mxevent="dialogcancel"/>
		</buttongroup>
	</dialog>

	<dialog beanclass="psdi.plusc.webclient.beans.pm.PlusCPMExtDateDataBean" id="pluscxtdtcmt" label="延長日のコメント" parentdatasrc="MAINRECORD" relationship="PLUSCPMEXTDATE">
		<helpgrid id="pluscxtdtcomt_help" innerhtml="日付の延長についてのコメントを入力します。 完了したら「OK」をクリックします。"/>
		<section id="pluscxtdtcomt_s1">
			<sectionrow id="pluscxtdtcomt_s1_r1">
				<sectioncol id="pluscxtdtcomt_s1_c1">
					<section id="pluscxtdtcomt_s1_c1_s1">
						<textbox dataattribute="pmnum" id="pluscxtdtcomt_s1_c1_s1a1" inputmode="readonly" label="予防保全"/>
						<textbox dataattribute="comments" id="pluscxtdtcomt_s1_c1_s1a2" label="コメント" lookup="longdesc"/>
					</section>
				</sectioncol>
			</sectionrow>
		</section>
		<buttongroup id="pluscxtdtcomt_2">
			<pushbutton default="true" id="pluscxtdtcomt_2_1" label="OK" mxevent="dialogok"/>
			<pushbutton id="pluscxtdtcomt_2_2" label="キャンセル" mxevent="dialogcancel"/>
		</buttongroup>
	</dialog>
	<configurationblock id="datastore_configurationblock">
	</configurationblock>
</presentation>
