<?xml version="1.0" encoding="UTF-8"?>
<product>
	<name>EXA Inc. BaseKit</name>
	<version>
		<major>8</major>
		<minor>3</minor>
		<modlevel>0</modlevel>
		<patch>0</patch>
		<build>20220802T154100</build>
	</version>
	<dbmaxvarname>EXA</dbmaxvarname>
	<dbscripts>exa</dbscripts>
	<dbversion>V8300-30</dbversion>
	<lastdbversion>V8300-26</lastdbversion>
	<extensions>
        <mbo objectname='MR'>jp.co.exa_corp.app.mr.ExMR</mbo>
        <mboset objectname='MR'>jp.co.exa_corp.app.mr.ExMRSet</mboset>
        <mbo objectname='PR'>jp.co.exa_corp.app.pr.ExPR</mbo>
        <mboset objectname='PR'>jp.co.exa_corp.app.pr.ExPRSet</mboset>
        <mbo objectname='SR'>jp.co.exa_corp.app.ticket.ExSR</mbo>
        <mboset objectname='SR'>jp.co.exa_corp.app.ticket.ExSRSet</mboset>
        <mbo objectname='WORKORDER'>jp.co.exa_corp.app.workorder.ExWO</mbo>
        <mboset objectname='WORKORDER'>jp.co.exa_corp.app.workorder.ExWOSet</mboset>
        <field objectname='JOBMATERIAL' attributename='UNITCOST'>jp.co.exa_corp.app.jobplan.ExFldJobMaterialUnitCost</field>
        <field objectname='WORKORDER' attributename='JPNUM'>jp.co.exa_corp.app.workorder.ExFldWOJobPlan</field>
        <field objectname='WORKORDER' attributename='OWNERGROUP'>jp.co.exa_corp.app.workorder.ExFldWOPersonGroup</field>
        <class extends='psdi.app.person.FldPersonID'>jp.co.exa_corp.app.common.ExFldRequestedBy</class>
        <class extends='psdi.webclient.beans.common.TreeControlBean'>jp.co.exa_corp.webclient.beans.common.EXAListTreeControlBean</class>
        <class extends='psdi.webclient.beans.common.TreeControlBean'>jp.co.exa_corp.webclient.beans.common.EXAMainTreeControlBean</class>
        <class extends='psdi.webclient.beans.desktopreq.SearchBean'>jp.co.exa_corp.webclient.beans.desktopreq.ExSearchBean</class>
        <class extends='psdi.webclient.beans.pr.PRAppBean'>jp.co.exa_corp.webclient.beans.pr.ExPRAppBean</class>
        <class extends='psdi.webclient.beans.servicedesk.TicketAppBean'>jp.co.exa_corp.webclient.beans.servicedesk.ExSRAppBean</class>
        <class extends='psdi.webclient.beans.workorder.SelectWorkordersBean'>jp.co.exa_corp.webclient.beans.workorder.ExSelectWorkordersBean</class>
        <class extends='psdi.webclient.beans.workorder.WorkorderAppBean'>jp.co.exa_corp.webclient.beans.workorder.ExWOAppBean</class>
	</extensions>
</product>
