<?xml version="1.0" encoding="UTF-8"?>

<presentation apphelp="com.ibm.mbs.doc,jobplan/c_job_plans_application.html" beanclass="psdi.webclient.beans.jobplan.JobPlanAppBean" id="ex_jp" ismobile="false" keyattribute="jpnum" mboname="JOBPLAN" resultstableid="results_showlist" version="7.1.0.0">
	<page id="mainrec" scroll="false">
		<include controltoclone="pageHeader" id="INCLUDE-pageHeader"/>
		<clientarea id="clientarea">
			<tabgroup id="maintabs" style="form">
				<tab default="true" id="results" label="一覧" type="list">
					<menubar event="search" id="actiontoolbar" sourcemethod="getAppSearchOptions"/>
					<table datasrc="results_showlist" id="results_showlist" inputmode="readonly" label="作業標準" mboname="JOBPLAN" orderby="jpnum desc" selectmode="multiple">
						<tablebody displayrowsperpage="20" filterable="true" filterexpanded="true" id="results_showlist_tablebody">
							<tablecol dataattribute="jpnum" filterable="false" id="results_showlist_tablebody_1" mxevent="toggleselectrow" mxevent_desc="行 {0} の選択" sortable="false" type="event"/>
							<tablecol dataattribute="jpnum" id="results_showlist_tablebody_2" mxevent="selectrecord" mxevent_desc="%1 へ移動" type="link"/>
							<tablecol dataattribute="description" id="results_showlist_tablebody_3"/>
							<tablecol dataattribute="pluscrevnum" id="results_showlist_tablebody_31"/>
							<tablecol dataattribute="jpduration" id="results_showlist_tablebody_4"/>
							<tablecol dataattribute="status" id="results_showlist_tablebody_7" linkedcontrolid="qbe_grid2_col1_1"/>
							<tablecol dataattribute="siteid" id="results_showlist_tablebody_9" linkedcontrolid="qbe_grid2_3_1_grid3_4"/>
							<tablecol filterable="false" id="results_bookmark" mxevent="BOOKMARK" mxevent_desc="ブックマークに追加" mxevent_icon="btn_addtobookmarks.gif" sortable="false" type="event"/>
						</tablebody>
					</table>
				</tab>
				<tab id="main" label="作業標準" type="insert">
					<section border="true" id="main_grid1">
						<section id="1581661254154">
							<sectionrow id="1581661257388">
								<sectioncol id="1581661259108">
									<section id="main_grid1_row1_col1_1">
										<multiparttextbox dataattribute="jpnum" descdataattribute="description" id="main_grid1_1" inputmode="readonly"/>
										<multiparttextbox dataattribute="pluscrevnum" descdataattribute="pluscrevcom" descinputmode="readonly" id="main_grid1_pluscrevnum" inputmode="readonly"/>
									</section>
								</sectioncol>
								<sectioncol id="1581661260702">
									<section id="main_grid1_row1_col2_1">
										<textbox dataattribute="jpduration" id="1582073644964"/>
										<checkbox dataattribute="inctasksinsched" id="15820736449642" ondatachange="resetchildren" synchronous="true"/>
									</section>
								</sectioncol>
								<sectioncol id="1581661263951">
									<section id="15820736449503">
										<textbox dataattribute="status" id="15820736449504"/>
										<textbox dataattribute="siteid" id="main_grid1_3" inputmode="readonly"/>
									</section>
								</sectioncol>
								<sectioncol id="1581661262377">
									<section border="false" id="main_attachments">
										<sectionrow id="1606201917239">
											<sectioncol id="1606201927295">
												<table beanclass="psdi.webclient.beans.doclinks.DocLinksBean" description="下のボタンのいずれかをクリックすると、サービス要求に添付ファイルが追加されます。" id="attachments_table_1" inputmode="readonly" label="添付" orderby="ownertable, doctype" relationship="DOCLINKS">
													<tablebody displayrowsperpage="3" id="attachments_tablebody_1">
														<tablecol dataattribute="doctype" id="attachments_tablecol_1"/>
														<tablecol dataattribute="document" id="attachments_tablecol_2" type="openurl" urlattribute="weburl"/>
														<tablecol dataattribute="docinfo.description" id="attachments_tablecol_3"/>
														<tablecol filterable="false" id="attachments_tablecol_4" mxevent="toggledeleterow" mxevent_desc="行を削除対象にマーク" mxevent_icon="btn_garbage.gif" sortable="false" type="event"/>
													</tablebody>
													<buttongroup id="attachments_buttongroup_1">
														<pushbutton id="attachments_pushbutton_1" label="ファイルの添付" mxevent="ex_ssaddnewattachmentfile"/>
													</buttongroup>
													<tabledetails id="16062019505084"/>
												</table>
											</sectioncol>
										</sectionrow>
									</section>
								</sectioncol>
								<sectioncol id="15816612573882"/>
							</sectionrow>
						</section>
					</section>
					<section id="details">
						<sectionrow id="details_row1">
							<sectioncol id="details_col1">
								<section id="1582073685571">
									<multilinetextbox columns="55" dataattribute="EX_WODETAIL" id="1582073666153" rows="7"/>
								</section>
							</sectioncol>
							<sectioncol id="1582073623010">
								<section id="1582073634571" label="責任">
									<sectionrow id="15820736345712">
										<sectioncol id="15820736345713">
											<section id="1582073634598">
												<multiparttextbox applink="EX_PERSONGR" dataattribute="OWNERGROUP" descdataattribute="EX_PERSONGROUP01.DESCRIPTION" descinputmode="readonly" desclookup="NONE" id="1583457368263" label="主管部署" lookup="PERSONGROUP" menutype="NORMAL"/>
												<multiparttextbox applink="EX_PERSONGR" dataattribute="PERSONGROUP" descdataattribute="EX_PERSONGROUP02.DESCRIPTION" descinputmode="readonly" desclookup="NONE" id="1583457370482" label="工事部署" lookup="PERSONGROUP" menutype="NORMAL"/>
											</section>
										</sectioncol>
										<sectioncol id="15820736345984">
											<section id="15820736345985"/>
										</sectioncol>
									</sectionrow>
								</section>
							</sectioncol>
							<sectioncol id="details_col2"/>
						</sectionrow>
					</section>
					<table id="main_jpop_table" label="作業標準タスク" listeners="specification_jobtaskspectable" orderby="tasksequence,jptask" relationship="JOBTASK">
						<tablebody displayrowsperpage="4" filterable="true" id="main_jpop_table_tablebody">
							<tablecol filterable="false" id="main_jpop_table_tablebody_1" mxevent="toggledetailstate" mxevent_desc="詳細の表示" sortable="false" type="event"/>
							<tablecol dataattribute="tasksequence" id="main_jpop_table_tablebody_2" linkedcontrolid="main_jpop_table_1_grid4_3"/>
							<tablecol dataattribute="jptask" id="main_jpop_table_tablebody_3"/>
							<tablecol dataattribute="description" id="main_jpop_table_tablebody_4" lookup="longdesc"/>
							<tablecol dataattribute="taskduration" id="main_jpop_table_tablebody_6" linkedcontrolid="main_jpop_table_1_grid6_1"/>
							<tablecol dataattribute="inctasksinsched" id="main_jpop_table_tablebody_10" licensekey="SCHEDULER_OPT" linkedcontrolid="main_jpop_table_1_grid6_12"/>
							<tablecol filterable="false" id="main_jpop_table_tablebody_8" mxevent="toggledeleterow" mxevent_desc="行を削除対象にマーク" mxevent_icon="btn_garbage.gif" sortable="false" type="event"/>
						</tablebody>
						<tabledetails id="main_jpop_table_1">
							<section id="main_jpop_table_1_sec1" label="詳細">
								<sectionrow id="main_jpop_table_1_sec1_row1">
									<sectioncol id="main_jpop_table_1_sec1_row1_col1">
										<section id="main_jpop_table_1_sec1_row1_col1_sec1">
											<textbox dataattribute="orgid" defaultfocus="true" id="main_jpop_table_1_grid2_1"/>
											<textbox dataattribute="siteid" id="main_jpop_table_1_grid2_2"/>
											<multiparttextbox dataattribute="jptask" descdataattribute="description" id="main_jpop_table_1_grid4_1"/>
											<textbox dataattribute="tasksequence" id="main_jpop_table_1_grid4_3"/>
										</section>
									</sectioncol>
									<sectioncol id="1559869945810">
										<section id="1559869958154">
											<textbox dataattribute="taskduration" id="main_jpop_table_1_grid6_1"/>
											<textbox dataattribute="predecessortasks" id="main_jpop_table_1_grid6_10" menutype="SELECTJPTASKS" smartfilloff="true"/>
											<checkbox dataattribute="inctasksinsched" id="main_jpop_table_1_grid6_12" licensekey="SCHEDULER_OPT"/>
										</section>
									</sectioncol>
									<sectioncol id="main_jpop_table_1_sec2_row1_col1">
										<section id="main_jpop_table_1_sec2_row1_col1_sec1">
											<attachments event="drviewattachments" id="jobtask_doclinks" menutype="drattachments"/>
										</section>
									</sectioncol>
									<sectioncol id="main_jpop_table_1_sec3_row1_col1">
										<section id="main_jpop_table_1_sec3_row1_col1_sec1"/>
									</sectioncol>
								</sectionrow>
							</section>
						</tabledetails>
						<buttongroup id="main_jpop_table_2">
							<pushbutton default="true" id="main_jpop_table_2_1" label="新規行" mxevent="addrow"/>
						</buttongroup>
					</table>
					<tabgroup id="main_jobplan">
						<tab default="true" id="main_jobplan_materials" label="資材">
							<section id="1581056987561">
								<table beanclass="psdi.webclient.beans.jobplan.MaterialBean" id="1581057003126" label="直送品" relationship="JOBMATERIAL" whereclause="itemnum = '直送品'">
									<tablebody displayrowsperpage="4" filterable="true" id="1581057003139">
										<tablecol filterable="false" id="15810570031392" mxevent="toggledetailstate" mxevent_desc="詳細の表示" sortable="false" type="event"/>
										<tablecol dataattribute="EX_DESCRIPTION" id="15810570031393" label="品名"/>
										<tablecol dataattribute="itemqty" id="15810570031394" linkedcontrolid="main_jobplan_materials_jpmaterial_table_1_grid8_2"/>
										<tablecol dataattribute="EX_UNITCOST" id="15810570031395" label="単価" width="120"/>
										<tablecol dataattribute="linecost" id="15810570031396" linkedcontrolid="main_jobplan_materials_jpmaterial_table_1_grid8_4" sortable="false"/>
										<tablecol filterable="false" id="1581057003155" mxevent="toggledeleterow" mxevent_desc="行を削除対象にマーク" mxevent_icon="btn_garbage.gif" sortable="false" type="event"/>
									</tablebody>
									<tabledetails id="15810570031552">
										<section id="15810570031553" label="詳細">
											<sectionrow id="15810570031554">
												<sectioncol id="15810570031555">
													<section id="15810570031556">
														<defaultvalue dataattribute="ITEMNUM" defaulttype="insert" id="15810570031557" value="直送品"/>
														<defaultvalue dataattribute="DIRECTREQ" defaulttype="insert" id="1584591853482" value="1"/>
														<textbox dataattribute="EX_DESCRIPTION" id="15810570031558" inputmode="required" label="品名"/>
														<textbox dataattribute="itemqty" id="1581057003172"/>
													</section>
												</sectioncol>
												<sectioncol id="15810570031723">
													<section id="15810570031724">
														<textbox dataattribute="EX_UNITCOST" id="15810570031725" label="単価" size="13"/>
														<textbox dataattribute="linecost" id="15810570031726" inputmode="readonly" size="13"/>
													</section>
												</sectioncol>
												<sectioncol id="15810570031728">
													<section id="1581057003188">
														<textbox dataattribute="orgid" defaultfocus="true" id="15810570031882"/>
														<textbox dataattribute="siteid" id="15810570031883"/>
													</section>
												</sectioncol>
											</sectionrow>
										</section>
									</tabledetails>
									<buttongroup id="15810570032193">
										<pushbutton default="true" id="15810570032194" label="新規行" mxevent="addrow"/>
									</buttongroup>
								</table>
							</section>
						</tab>
						<tab default="false" id="main_jobplan_services" label="サービス">
							<table id="main_jobplan_services_jpservices_table" label="サービス" relationship="JOBSERVICE">
								<defaultvalue dataattribute="ITEMNUM" defaulttype="insert" id="1567662943557" value="EX_DUMMYSVC"/>
								<tablebody displayrowsperpage="4" filterable="true" id="main_jobplan_services_jpservices_table_tablebody">
									<tablecol filterable="false" id="main_jobplan_services_jpservices_table_tablebody_1" mxevent="toggledetailstate" mxevent_desc="詳細の表示" sortable="false" type="event"/>
									<tablecol dataattribute="EX_DESCRIPTION" id="1568266197562"/>
									<tablecol dataattribute="EX_UNITCOST" id="1568266223166" width="120"/>
									<tablecol filterable="false" id="main_jobplan_services_jpservices_table_tablebody_7" mxevent="toggledeleterow" mxevent_desc="行を削除対象にマーク" mxevent_icon="btn_garbage.gif" sortable="false" type="event"/>
								</tablebody>
								<tabledetails id="main_jobplan_services_jpservices_table_1">
									<section id="main_jobplan_services_jpservices_table_1_sec1" label="詳細">
										<sectionrow id="main_jobplan_services_jpservices_table_1_sec1_row1">
											<sectioncol id="main_jobplan_services_jpservices_table_1_sec1_row1_col1">
												<section id="main_jobplan_services_jpservices_1_sec1_row1_col1_sec1">
													<sectionrow id="1568266510166">
														<sectioncol id="1568266518541">
															<textbox dataattribute="EX_DESCRIPTION" id="1568266084866" inputmode="required"/>
														</sectioncol>
														<sectioncol id="1571977970328">
															<textbox dataattribute="EX_UNITCOST" id="main_jobplan_services_jpservices_table_1_grid8_6" inputmode="required" size="13"/>
														</sectioncol>
														<sectioncol id="15682665101662">
															<textbox dataattribute="ORGID" defaultfocus="true" id="main_jobplan_services_jpservices_table_1_grid9_1"/>
															<textbox dataattribute="siteid" id="main_jobplan_services_jpservices_table_1_grid9_2"/>
														</sectioncol>
													</sectionrow>
												</section>
											</sectioncol>
											<sectioncol id="main_jobplan_services_jpservices_table_1_sec2_row1_col1"/>
										</sectionrow>
									</section>
								</tabledetails>
								<buttongroup id="main_jobplan_services_jpservices_table_2">
									<pushbutton default="true" id="main_jobplan_services_jpservices_table_2_1" label="新規行" mxevent="addrow"/>
								</buttongroup>
							</table>
						</tab>
					</tabgroup>
				</tab>
			</tabgroup>
		</clientarea>
		<include controltoclone="pageFooter" id="INCLUDE-pageFooter"/>
	</page>

	<dialog beanclass="psdi.webclient.system.beans.QbeBean" id="searchmore" inputmode="query" label="検索条件の入力">
		<section id="qbe_grid2">
			<sectionrow id="qbe_grid2_3">
				<sectioncol id="qbe_grid2_3_1">
					<section id="qbe_grid2_3_1_grid3">
						<sectionrow id="qbe_grid2_3_sec1_row1">
							<sectioncol id="qbe_grid2_3_sec1_row1_col1">
								<section id="qbe_grid2_3_sec1_row1_col1_sec1">
									<multiparttextbox dataattribute="jpnum" descdataattribute="description" descinputmode="query" id="qbe_grid2_1_1_grid3_1" inputmode="query" longdescreadonly="true"/>
									<multiparttextbox dataattribute="pluscrevnum" descdataattribute="pluscrevcom" descinputmode="query" id="qbe_grid2_1_1_grid3_2" inputmode="query" longdescreadonly="true"/>
									<blankline id="qbe_grid2_blkline"/>
								</section>
							</sectioncol>
							<sectioncol id="qbe_grid2_3_sec1_row1_col2">
								<section id="qbe_grid2_3_sec1_row1_col2_sec1">
									<textbox applink="multisite" dataattribute="orgid" id="qbe_grid2_3_1_grid3_3" inputmode="query" lookup="org" menutype="normal"/>
									<textbox dataattribute="siteid" id="qbe_grid2_3_1_grid3_4" inputmode="query" lookup="site"/>
								</section>
							</sectioncol>
							<sectioncol id="qbe_grid2_3_sec1_row1_col3">
								<section id="qbe_grid2_3_sec1_row1_col3_sec1">
									<textbox dataattribute="status" id="qbe_grid2_col1_1" inputmode="query" lookup="valuelist"/>
								</section>
							</sectioncol>
						</sectionrow>
					</section>
					<section id="qbe_grid8">
						<sectionrow id="qbe_grid8_row1">
							<sectioncol id="qbe_grid8_row1_col2">
								<section id="qbe_grid2_1_1_grid5" label="責任">
									<sectionrow id="qbe_grid2_2_sec1_row1">
										<sectioncol id="qbe_grid3_1_sec1_row1_col2">
											<section id="qbe_grid3_1_sec1_row1_col2_sec1">
												<textbox applink="persongr" dataattribute="ownergroup" id="qbe_grid3_1_1_grid7_6" inputmode="query" label="主管部署" lookup="persongroup" menutype="normal"/>
												<textbox applink="persongr" dataattribute="persongroup" id="qbe_grid3_1_1_grid7_4" inputmode="query" label="工事部署" lookup="persongroup" menutype="normal"/>
											</section>
										</sectioncol>
									</sectionrow>
								</section>
							</sectioncol>
						</sectionrow>
					</section>
				</sectioncol>
			</sectionrow>
		</section>
		<buttongroup id="qbe_grid5_1_1_grid6">
			<pushbutton default="true" id="qbe_grid5_1_1_grid6_1" label="検索" mxevent="dialogok"/>
			<pushbutton id="qbe_restoreappdefault_button" label="検索条件のクリア" mxevent="qbeclear"/>
			<pushbutton id="qbe_revisebutton" label="改訂" menutype="SEARCHMOREREVISE" targetid="searchmore"/>
			<pushbutton id="qbe_grid5_1_1_grid6_3" label="キャンセル" mxevent="qbecancel"/>
		</buttongroup>
	</dialog>

	<dialog beanclass="psdi.plusc.webclient.beans.jobplan.JPDataSheetBean" icon="img_lookup.gif" id="lookup_jp_datasheet" label="値の選択">
		<section border="true" datasrc="MAINRECORD" id="jobplan_pm_grid1">
			<sectionrow id="jobplan_pm_grid1_1">
				<sectioncol id="jobplan_pm_grid1_1_1">
					<section id="jobplan_pm_grid1_1_1_grid2">
						<checkbox dataattribute="usembodata" id="plusdsplanswo_r1_c1_s1_a1" label="現在の作業資産に関連付けられたデータ・シートのみを表示"/>
					</section>
				</sectioncol>
			</sectionrow>
			<buttongroup id="jobplan_pm_grid1_1_1_Tblbuttons2">
				<pushbutton id="jobplan_pm_grid1_1_1_Tblbuttons2_1" label="リフレッシュ" mxevent="REFRESHLIST"/>
			</buttongroup>
		</section>
		<table id="jobplan_pm_table" inputmode="readonly" selectmode="single">
			<tablebody displayrowsperpage="15" filterable="true" filterexpanded="true" id="jobplan_pm_lookup_tablebody">
				<tablecol dataattribute="dsplannum" id="plusdsplanswo_lookup_tablebody_col_1" mxevent="selectrecord" mxevent_desc="%1 へ移動" sortable="true" type="link"/>
				<tablecol dataattribute="description" id="plusdsplanswo_lookup_tablebody_col_2" mxevent="selectrecord" mxevent_desc="%1 へ移動" sortable="true" type="link"/>
				<tablecol dataattribute="status" id="plusdsplanswo_lookup_tablebody_col_3" mxevent="selectrecord" mxevent_desc="%1 へ移動" sortable="true" type="link"/>
			</tablebody>
		</table>
		<buttongroup id="jobplan_pm_2">
			<pushbutton default="true" id="jobplan_pm_2_1" label="キャンセル" mxevent="dialogcancel"/>
		</buttongroup>
	</dialog>

	<dialog id="viewtotals" label="コストの表示" relationship="JPTOTAL">
		<section id="viewtotals_grid2" label="サイト">
			<textbox dataattribute="siteid" id="viewtotals_grid2_1" lookup="site"/>
		</section>
		<section id="viewtotals_grid1_1_col1_1" label="合計作業時間">
			<textbox dataattribute="LABORHRS" id="viewtotals_grid1_1_col1_1_1" inputmode="readonly"/>
		</section>
		<section id="viewtotals_grid1_2_col1_1" label="コスト">
			<textbox dataattribute="laborcost" id="viewtotals_grid1_2_col1_1_1" inputmode="readonly"/>
			<textbox dataattribute="materialcost" id="viewtotals_grid1_2_col1_1_2" inputmode="readonly"/>
			<textbox dataattribute="servicecost" id="viewtotals_grid1_2_col1_1_3" inputmode="readonly"/>
			<textbox dataattribute="toolcost" id="viewtotals_grid1_2_col1_1_4" inputmode="readonly"/>
			<textbox dataattribute="totalcost" id="viewtotals_grid1_2_col1_1_5" inputmode="readonly"/>
		</section>
		<buttongroup id="viewtotals_2">
			<pushbutton default="true" id="viewtotals_2_1" label="OK" mxevent="dialogcancel"/>
		</buttongroup>
	</dialog>

	<dialog id="STATUS" label="ステータスの変更" relationship="JPCHANGESTATUS" savemode="ONLOADUNLOAD">
		<section border="true" datasrc="MAINRECORD" id="changestatus_grid1_section1">
			<multiparttextbox dataattribute="jpnum" descdataattribute="description" descinputmode="readonly" id="changestatus_grid1_1" inputmode="readonly" longdescreadonly="true"/>
			<textbox dataattribute="pluscrevnum" id="changestatus_grid1_pluscrevnum" inputmode="readonly"/>
			<multiparttextbox dataattribute="status" descdataattribute="statusdesc.description" descinputmode="readonly" id="changestatus_grid1_2" inputmode="readonly"/>
		</section>
		<section id="changestatus_grid1_section2">
			<combobox dataattribute="status" defaultfocus="true" id="changestatus_grid1_3"/>
			<textbox dataattribute="pluscstatusdate" id="changestatus_grid1_4" lookup="datelookup"/>
			<textbox dataattribute="memo" id="changestatus_grid1_5"/>
		</section>
		<buttongroup id="changestatus_2">
			<pushbutton default="true" id="changestatus_2_1" label="OK" mxevent="dialogok"/>
			<pushbutton id="changestatus_2_2" label="キャンセル" mxevent="dialogcancel"/>
		</buttongroup>
	</dialog>

	<dialog beanclass="psdi.plusg.webclient.beans.jobplan.PlusGJPSelectRevActGroupDataBean" hidehelp="true" id="plusgselectrevactgroup" label="アクション・グループの選択" mboname="PLUSGSELECTSTDACTGRP">
		<helpgrid id="plusgselectrevactgroup_help" innerhtml="標準のアクション・グループ内のアクティブ・アクションを追加するには、標準のアクション・グループを選択して、「OK」をクリックします。"/>
		<section id="plusgselectrevactgroup_s1">
			<sectionrow id="plusgselectrevactgroup_s1_sr1">
				<sectioncol id="plusgselectrevactgroup_s1_sr1_sc1">
					<section id="plusgselectrevactgroup_s1_sr1_sc1_s1">
						<multiparttextbox applink="plusgstag" dataattribute="stdactgrpnum" descdataattribute="PLUSGSTDACTGRP.description" descinputmode="readonly" id="plusgselectrevactgroup_s1_sr1_sc1_s1_tb1" lookup="plusgstag" menutype="normal"/>
					</section>
				</sectioncol>
				<sectioncol id="plusgselectrevactgroup_s1_sr1_sc2">
					<section id="plusgselectrevactgroup_s1_sr1_sc2_s1"/>
				</sectioncol>
			</sectionrow>
		</section>
		<table beanclass="psdi.plusg.webclient.beans.jobplan.PlusGJPSelectRevActGrpBean" id="plusgselectrevactgroup_t" inputmode="readonly" label="アクション・グループ" mboname="PLUSGSTDACTGRP" selectmode="single">
			<tablebody displayrowsperpage="5" filterable="true" filterexpanded="true" id="plusgselectrevactgroup_t_tb">
				<tablecol dataattribute="stdactgrpnum" id="plusgselectrevactgroup_t_tb_2" label="アクション・グループ" mxevent="selectrecord"/>
				<tablecol dataattribute="description" id="plusgselectrevactgroup_t_tb_3" mxevent="selectrecord"/>
			</tablebody>
		</table>
		<buttongroup id="plusgselectrevactgroup_btn_grp">
			<pushbutton default="true" id="plusgselectrevactgroup_btn_grp_1" label="OK" mxevent="dialogok" value="copyStandardActionGroup"/>
			<pushbutton id="plusgselectrevactgroup_btn_grp_2" label="キャンセル" mxevent="dialogcancel"/>
		</buttongroup>
	</dialog>

	<dialog beanclass="psdi.webclient.beans.jobplan.JPPredTaskBean" id="selectjptasks" label="先行タスクの選択">
		<table id="selectjptaskstable" orderby="jptask" selectmode="multiple">
			<tablebody displayrowsperpage="20" filterable="false" filterexpanded="false" id="selectjptasks_lookup_tablebody">
				<tablecol filterable="false" id="selectjptasks_lookup_tablebody_col_0" mxevent="toggleselectrow" sortable="true" type="event"/>
				<tablecol dataattribute="jptask" id="selectjptasks_lookup_tablebody_col_1" inputmode="readonly"/>
				<tablecol dataattribute="description" id="selectjptasks_lookup_tablebody_col_2" inputmode="readonly"/>
				<tablecol dataattribute="conditionnum" id="selectjptasks_lookup_tablebody_col_2a" inputmode="readonly" sigoption="USECONDITIONALJP" sigoptiondatasrc="MAINRECORD"/>
				<tablecol dataattribute="condition.description" id="selectjptasks_lookup_tablebody_col_2b" inputmode="readonly" sigoption="USECONDITIONALJP" sigoptiondatasrc="MAINRECORD"/>
				<tablecol dataattribute="orgid" id="selectjptasks_lookup_tablebody_col_3" inputmode="readonly"/>
				<tablecol dataattribute="siteid" id="selectjptasks_lookup_tablebody_col_4" inputmode="readonly"/>
				<tablecol dataattribute="reltype" detailimage="img_lookup.gif" id="selectjptasks_lookup_tablebody_col_5" menutype="SELECTPREDRELTYPE"/>
				<tablecol dataattribute="leadlaghours" id="selectjptasks_lookup_tablebody_col_6"/>
			</tablebody>
		</table>
		<buttongroup id="selectjptasks_2">
			<pushbutton default="true" id="selectjptasks_2_1" label="OK" mxevent="selectPredecessorTasks"/>
			<pushbutton default="true" id="selectjptasks_2_2" label="キャンセル" mxevent="dialogcancel"/>
		</buttongroup>
	</dialog>

	<dialog beanclass="psdi.webclient.system.beans.ViewBookmarksBean" id="searchbook" label="ブックマーク" mboname="JOBPLAN">
		<table id="bookmarks_table" inputmode="readonly" label="作業標準" selectmode="single">
			<tablebody displayrowsperpage="20" filterable="true" id="bookmarks_table_tablebody">
				<tablecol dataattribute="jpnum" id="bookmarks_tablebody_1" mxevent="selectrecord" type="link"/>
				<tablecol dataattribute="description" id="bookmarks_table_tablebody_2"/>
				<tablecol filterable="false" id="bookmarks_table_tablebody_delete" mxevent="instantdelete" mxevent_desc="削除" mxevent_icon="btn_delete.gif" sortable="false" type="event"/>
			</tablebody>
		</table>
		<buttongroup id="bookmarks_2">
			<pushbutton default="true" id="bookmarks_2_1" label="OK" mxevent="dialogok"/>
		</buttongroup>
	</dialog>

	<dialog beanclass="psdi.plusc.webclient.beans.jobplan.ReviseJobPlanBean" id="revise" label="作業標準の改訂" relationship="PLUSCJPREVISIONINPUT">
		<helpgrid id="revjp_help" innerhtml="改訂された作業標準の説明を入力します。完了したら「OK」をクリックします。"/>
		<section id="revjp_grid_s1">
			<textbox dataattribute="jpnum" id="revjp_grid_s1_1"/>
			<textbox dataattribute="pluscrevnum" id="revjp_grid_s1_2"/>
			<textbox dataattribute="pluscrevcom" id="revjp_grid_s1_3" lookup="longdesc"/>
		</section>
		<buttongroup id="revjp_2">
			<pushbutton default="true" id="revjp_2_1" label="OK" mxevent="dialogok"/>
			<pushbutton id="revjp_2_2" label="キャンセル" mxevent="dialogcancel"/>
		</buttongroup>
	</dialog>

	<dialog id="revhistory" label="改訂履歴の表示">
		<table id="revhistory_table" inputmode="readonly" label="作業標準の詳細" orderby="pluscrevnum desc" relationship="PLUSCJPREVHIST" width="960">
			<tablebody displayrowsperpage="6" filterable="true" id="revhistory_table_tablebody">
				<tablecol dataattribute="pluscrevnum" id="revhistory_table_tablebody_0" label="改訂番号"/>
				<tablecol dataattribute="status" id="revhistory_table_tablebody_1"/>
				<tablecol dataattribute="pluscchangeby" id="revhistory_table_tablebody_3" label="変更者"/>
				<tablecol dataattribute="pluscchangedate" id="revhistory_table_tablebody_2"/>
				<tablecol dataattribute="pluscrevcom" id="revhistory_table_tablebody_4" label="改訂コメント"/>
			</tablebody>
		</table>
		<table id="revhist_comparerevhist_table" inputmode="readonly" label="作業タスクの詳細" orderby="jptask desc" parentdatasrc="revhistory_table" relationship="PLUSCJPREVHISTLINE">
			<tablebody displayrowsperpage="8" filterable="true" id="revhist_comparerevhist_table_tablebody">
				<tablecol dataattribute="tasksequence" id="revhist_comparerevhist_table_tablebody_1"/>
				<tablecol dataattribute="jptask" id="revhist_comparerevhist_table_tablebody_2"/>
				<tablecol dataattribute="pluscjprevnum" id="revhist_comparerevhist_table_tablebody_3" label="改訂"/>
				<tablecol dataattribute="pluscrevstatus" id="revhist_comparerevhist_table_tablebody_4" label="改訂のステータス"/>
				<tablecol dataattribute="description" id="revhist_comparerevhist_table_tablebody_5" lookup="longdesc"/>
				<tablecol dataattribute="taskduration" id="revhist_comparerevhist_table_tablebody_6"/>
				<tablecol dataattribute="metername" id="revhist_comparerevhist_table_tablebody_7"/>
			</tablebody>
		</table>
		<buttongroup id="revhistory_2">
			<pushbutton default="true" id="revhistory_2_1" label="OK" mxevent="dialogclose"/>
		</buttongroup>
	</dialog>

	<dialog beanclass="psdi.webclient.beans.jobplan.JPChangeStatusBean" id="list_STATUS" label="ステータスの変更" listaction="true" relationship="JPCHANGESTATUS" savemode="ONUNLOAD">
		<section id="listchangestatus_grid1_section2">
			<combobox dataattribute="status" defaultfocus="true" id="listchangestatus_grid1_3"/>
		</section>
		<buttongroup id="listchangestatus_2">
			<pushbutton default="true" id="listchangestatus_2_1" label="OK" mxevent="dialogok"/>
			<pushbutton id="listchangestatus_2_2" label="キャンセル" mxevent="dialogcancel"/>
		</buttongroup>
	</dialog>

	<dialog beanclass="psdi.plusg.webclient.beans.jobplan.PlusGJPSelectRevActBean" hidehelp="true" id="plusgselectrevaction" label="アクションの選択" mboname="PLUSGSTDACT">
		<table id="plusgselectaction_t" inputmode="readonly" label="アクション" selectmode="multiple" width="800">
			<tablebody displayrowsperpage="15" filterable="true" id="plusgselectaction_t_tb">
				<tablecol filterable="false" id="plusgselectaction_t_tb_1" mxevent="toggleselectrow" sortable="false" type="event"/>
				<tablecol dataattribute="stdactnum" id="plusgselectaction_t_tb_2"/>
				<tablecol dataattribute="description" id="plusgselectaction_t_tb_3"/>
				<tablecol dataattribute="type" id="plusgselectaction_t_tb_4"/>
				<tablecol dataattribute="status" id="plusgselectaction_t_tb_5"/>
				<tablecol dataattribute="category" id="plusgselectaction_t_tb_6"/>
				<tablecol dataattribute="orgid" id="plusgselectaction_t_tb_7"/>
				<tablecol dataattribute="siteid" id="plusgselectaction_t_tb_8"/>
			</tablebody>
		</table>
		<buttongroup id="plusgselectaction_bg">
			<pushbutton default="true" id="plusgselectaction_bg_1" label="OK" mxevent="dialogok" value="copyActions"/>
			<pushbutton id="plusgselectaction_bg_2" label="キャンセル" mxevent="dialogcancel"/>
		</buttongroup>
	</dialog>

	<dialog id="viewhistor" label="履歴の表示">
		<table id="viewhist_viewhist_history_jpStatustbl" inputmode="readonly" label="ステータス履歴" orderby="changedate desc" relationship="PLUSCJPSTATUS">
			<tablebody displayrowsperpage="15" filterable="true" id="viewhist_viewhist_history_jpStatustbl_tablebody">
				<tablecol dataattribute="status" id="viewhist_viewhist_history_jpStatustbl_tablebody_1"/>
				<tablecol dataattribute="changedate" id="viewhist_viewhist_history_jpStatustbl_tablebody_2"/>
				<tablecol dataattribute="changeby" id="viewhist_viewhist_history_jpStatustbl_tablebody_3"/>
				<tablecol dataattribute="memo" id="viewhist_viewhist_history_jpStatustbl_tablebody_4"/>
			</tablebody>
		</table>
		<buttongroup id="viewhist_2">
			<pushbutton default="true" id="viewhist_2_1" label="OK" mxevent="dialogclose"/>
		</buttongroup>
	</dialog>
	<configurationblock id="datastore_configurationblock">
	</configurationblock>
</presentation>
