<?xml version="1.0" encoding="UTF-8"?>

<presentation apphelp="com.ibm.mbs.doc,meter/c_meters_app.html" id="ex_meter" ismobile="false" mboname="METER" resultstableid="results_showlist" version="7.1.0.0">
	<page id="mainrec" scroll="false">
		<include controltoclone="pageHeader" id="INCLUDE-pageHeader"/>
		<clientarea id="clientarea">
			<tabgroup id="maintabs" style="form">
				<tab default="true" id="results" label="一覧" type="list">
					<menubar event="search" id="actiontoolbar" sourcemethod="getAppSearchOptions"/>
					<table datasrc="results_showlist" id="results_showlist" inputmode="readonly" label="計測値" mboname="METER" selectmode="multiple">
						<tablebody displayrowsperpage="20" filterable="true" filterexpanded="true" id="results_showlist_tablebody">
							<tablecol dataattribute="metername" filterable="false" id="results_showlist_tablebody_1" mxevent="toggleselectrow" mxevent_desc="行 {0} の選択" sortable="false" type="event"/>
							<tablecol dataattribute="metername" id="results_showlist_tablebody_2" mxevent="selectrecord" mxevent_desc="%1 へ移動" type="link"/>
							<tablecol dataattribute="description" id="results_showlist_tablebody_3"/>
							<tablecol dataattribute="metertype" id="results_showlist_tablebody_4"/>
							<tablecol filterable="false" id="results_bookmark" mxevent="BOOKMARK" mxevent_desc="ブックマークに追加" mxevent_icon="btn_addtobookmarks.gif" sortable="false" type="event"/>
						</tablebody>
					</table>
				</tab>
				<tab id="main" label="計測値" type="insert">
					<section border="true" id="main_grid1">
						<sectionrow id="main_grid2">
							<sectioncol id="main_grid3">
								<section id="main_grid4">
									<multiparttextbox dataattribute="METERNAME" descdataattribute="DESCRIPTION" id="main_grid2_1"/>
									<multiparttextbox dataattribute="METERTYPE" descdataattribute="METERTYPE.description" descinputmode="readonly" desclookup="longdesc" id="main_grid2_3" lookup="metertypelist"/>
									<multiparttextbox dataattribute="READINGTYPE" descdataattribute="READINGTYPE.description" descinputmode="readonly" desclookup="longdesc" id="main_grid2_5" lookup="readingtypelist"/>
								</section>
							</sectioncol>
							<sectioncol id="main_grid5">
								<section id="main_grid7">
									<multiparttextbox dataattribute="DOMAINID" descdataattribute="DOMAINID.description" descinputmode="readonly" desclookup="longdesc" id="main_grid2_4" lookup="domain"/>
									<multiparttextbox dataattribute="MEASUREUNITID" descdataattribute="MEASUREUNIT.description" descinputmode="readonly" desclookup="longdesc" id="main_grid2_6" lookup="measureunit"/>
								</section>
							</sectioncol>
						</sectionrow>
					</section>
				</tab>
				<tab id="whereused" label="使用機器">
					<section border="true" id="whereused_grid1">
						<sectionrow id="whereused_grid2">
							<sectioncol id="whereused_grid3">
								<section id="whereused_grid4">
									<multiparttextbox dataattribute="METERNAME" descdataattribute="DESCRIPTION" id="whereused_grid2_1"/>
								</section>
							</sectioncol>
							<sectioncol id="whereused_grid5">
								<section id="whereused_grid6">
									<textbox dataattribute="METERTYPE" id="whereused_grid2_3" lookup="valuelist"/>
								</section>
							</sectioncol>
						</sectionrow>
					</section>
					<tabgroup id="whereusedgroup">
						<tab default="true" id="whereused_asset" label="資産">
							<table id="whereused_assettable" inputmode="readonly" label="資産" relationship="ASSETMETER">
								<tablebody displayrowsperpage="10" filterable="true" id="whereused_assettable_tablebody">
									<tablecol dataattribute="assetnum" id="whereused_assettable_col1" label="資産" sortable="true"/>
									<tablecol dataattribute="ASSET.description" id="whereused_assettable_tablebody_col2" sortable="false"/>
									<tablecol dataattribute="siteid" id="whereused_assettable_tablebody_col3" sortable="true"/>
								</tablebody>
							</table>
						</tab>
					</tabgroup>
				</tab>
			</tabgroup>
		</clientarea>
		<include controltoclone="pageFooter" id="INCLUDE-pageFooter"/>
	</page>

	<dialog beanclass="psdi.webclient.system.beans.QbeBean" id="searchmore" inputmode="query" label="検索条件の入力">
		<section id="qbe_grid2_1_1_grid4">
			<multiparttextbox dataattribute="metername" descdataattribute="description" descinputmode="query" id="qbe_grid2_1_1_grid4_1" inputmode="query"/>
			<textbox dataattribute="metertype" id="qbe_grid2_1_1_grid4_2" inputmode="query" lookup="readingtypelist"/>
			<textbox dataattribute="readingtype" id="qbe_grid2_1_1_grid4_3" inputmode="query" lookup="readingtypelist"/>
			<textbox dataattribute="domainid" id="qbe_grid2_1_1_grid4_4" inputmode="query" lookup="domain"/>
			<textbox dataattribute="measureunitid" id="qbe_grid2_1_1_grid4_5" inputmode="query" lookup="measureunit"/>
		</section>
		<buttongroup id="qbe_grid5_1_1_grid6">
			<pushbutton default="true" id="qbe_grid5_1_1_grid6_1" label="検索" mxevent="dialogok"/>
			<pushbutton id="qbe_restoreappdefault_button" label="アプリケーション・デフォルトのリストア" mxevent="qbeclear"/>
			<pushbutton id="qbe_revisebutton" label="改訂" menutype="SEARCHMOREREVISE" targetid="searchmore"/>
			<pushbutton id="qbe_grid5_1_1_grid6_3" label="キャンセル" mxevent="qbecancel"/>
		</buttongroup>
	</dialog>

	<dialog id="viewgroups" label="グループ内の計測値の表示" relationship="METERINGROUP">
		<table id="viewgroups_view_meteringroups" inputmode="readonly" label="計測値グループ">
			<tablebody displayrowsperpage="20" filterable="true" id="viewgroups_view_meteringroups_tablebody">
				<tablecol dataattribute="groupname" id="viewgroups_view_meteringroups_tablebody_1"/>
				<tablecol dataattribute="METERGROUP.description" id="viewgroups_view_meteringroups_tablebody_2" showfilterfield="true" sortable="false"/>
				<tablecol dataattribute="rollover" id="viewgroups_view_meteringroups_tablebody_3"/>
			</tablebody>
		</table>
		<buttongroup id="viewgroups_2">
			<pushbutton default="true" id="viewgroups_2_1" label="OK" mxevent="dialogok"/>
		</buttongroup>
	</dialog>

	<dialog beanclass="psdi.webclient.system.beans.ViewBookmarksBean" id="searchbook" label="ブックマーク" mboname="METER">
		<table id="bookmarks_table" inputmode="readonly" label="計測値" selectmode="single">
			<tablebody displayrowsperpage="20" filterable="true" id="bookmarks_table_tablebody">
				<tablecol dataattribute="metername" id="bookmarks_tablebody_1" mxevent="selectrecord" type="link"/>
				<tablecol dataattribute="description" id="bookmarks_table_tablebody_2"/>
				<tablecol filterable="false" id="bookmarks_table_tablebody_delete" mxevent="instantdelete" mxevent_desc="削除" mxevent_icon="btn_delete.gif" sortable="false" type="event"/>
			</tablebody>
		</table>
		<buttongroup id="bookmarks_2">
			<pushbutton default="true" id="bookmarks_2_1" label="OK" mxevent="dialogok"/>
		</buttongroup>
	</dialog>
	<configurationblock id="datastore_configurationblock">
	</configurationblock>
</presentation>
