<?xml version="1.0" encoding="UTF-8"?>

<presentation apphelp="com.ibm.mbs.doc,viewdrft/c_view_drafts_application.html" beanclass="psdi.webclient.beans.desktopreq.SearchBean" id="viewdrft" ismobile="false" mboname="MR" resultstableid="results_showlist" version="7.1.0.0" whereclause="status = 'ドラフト'">
	<page id="mainrec" scroll="false">
		<include controltoclone="desktopReqPageHeader" id="INCLUDE-desktopReqPageHeader"/>
		<clientarea id="clientarea">
			<appbar id="desktopreqs"/>
			<tabgroup format="carddeck" id="maintabs" style="form">
				<tab default="true" id="results" label="一覧" type="list">
					<section border="true" datasrc="results_showlist" id="list_grid1" inputmode="query" label="ドラフト要求書の検索">
						<section id="1576199944577">
							<sectionrow id="1576199947907">
								<sectioncol id="1576199950343">
									<section id="list_grid1_1_1_grid2_row1_col1_sec1">
										<multiparttextbox dataattribute="mrnum" defaultfocus="true" descdataattribute="description" descinputmode="query" id="list_grid1_1_1"/>
										<textbox applink="person" dataattribute="requestedby" id="list_grid1_1_2" lookup="person" menutype="normal"/>
									</section>
								</sectioncol>
								<sectioncol id="15761999479072">
									<section id="list_grid1_1_1_grid2_row1_col2_sec1">
										<textbox dataattribute="enterdate" id="list_grid1_1_21" label="入力日(開始日)" lookup="datelookup" prepend="&gt;="/>
										<textbox dataattribute="enterdate" id="list_grid1_1_31" label="入力日(終了日)" lookup="datelookup" prepend="&lt;="/>
									</section>
								</sectioncol>
							</sectionrow>
						</section>
						<sectionrow id="1576199836032">
							<sectioncol id="15761998360322">
								<blankline id="1576199838422"/>
							</sectioncol>
						</sectionrow>
						<buttongroup id="list_grid2_1_1_grid7">
							<pushbutton default="true" id="list_grid2_1_1_grid7_1" label="検索" mxevent="searchdr"/>
							<pushbutton id="list_grid2_1_1_grid7_2" label="リセット" mxevent="cleardr"/>
						</buttongroup>
					</section>
					<table apprestrictions="requestedby in (select personid from personancestor where ancestor=(select personid from maxuser where userid=:user)) or requestedfor in (select personid from personancestor where ancestor=(select personid from maxuser where userid=:user))" beanclass="psdi.webclient.beans.desktopreq.AllDraftMRsBean" datasrc="results_showlist" description="要求書を以下に示します。特定の要求書をすばやく見つけるため、結果にフィルターを適用します。ドラフトから要求書を作成するには、「要求書の作成/編集」アイコンを選択します。" id="results_showlist" inputmode="readonly" label="ドラフト要求書" mboname="MR" orderby="enterdate desc" startempty="false" startrow="0">
						<tablebody displayrowsperpage="10" id="list_showlist_tablebody">
							<tablecol dataattribute="mrnum" id="list_showlist_tablebody_2" mxevent="selectrecord" mxevent_desc="%1 へ移動" type="link"/>
							<tablecol dataattribute="description" id="list_showlist_tablebody_3"/>
							<tablecol dataattribute="enterdate" id="list_showlist_tablebody_4"/>
							<tablecol dataattribute="EX_PURCHASEDIV" id="1563240265403" lookup="valuelist"/>
							<tablecol dataattribute="requestedby" id="list_showlist_tablebody_6"/>
							<tablecol dataattribute="totalcost" id="list_showlist_tablebody_7"/>
							<tablecol dataattribute="EX_DELIVERYPOINT" id="1562839586258"/>
							<tablecol filterable="false" id="list_showlist_tablebody_9" mxevent="editdrfromlist" mxevent_desc="要求書の作成/編集" mxevent_icon="btn_submit_editreq.gif" sortable="false" targetid="viewdrft" type="event"/>
							<tablecol filterable="false" id="list_showlist_tablebody_10" mxevent="instantdelete" mxevent_desc="行の削除" mxevent_icon="btn_delete.gif" sortable="false" type="event"/>
						</tablebody>
					</table>
				</tab>
				<tab id="main" inputmode="readonly" label="詳細" type="insert">
					<section id="main_grid0">
						<sectionheader id="main_grid1_sectionheader" label="要求書 {0}">
							<paramvalues id="main_grid1_sec_params" property="label">
								<paramvalue dataattribute="mrnum" id="main_grid1_sec_param_1" position="0"/>
							</paramvalues>
							<section id="1562775193894">
								<hyperlink align="left" id="drmain_grid3_row_col1_sec_h_1" image="nav_icon_previous.gif" imagealign="left" label="前のレコード" mxevent="PREVIOUS" targetid="results_showlist"/>
								<hyperlink align="left" id="drmain_grid3_row_col1_sec_h_2" image="nav_icon_next.gif" imagealign="left" label="次のレコード" mxevent="NEXT" targetid="results_showlist"/>
								<hyperlink align="left" id="drmain_grid3_row_col1_sec_h_31" image="btn_SSDetailsSearch.gif" imagealign="left" label="検索" mxevent="returnMR"/>
							</section>
						</sectionheader>
					</section>
					<section border="true" id="main_grid1">
						<sectionrow id="1558443230541">
							<sectioncol id="1558443238072">
								<section id="main_grid1_1_1_grid2_row1_col1_sec1_1">
									<multiparttextbox dataattribute="mrnum" descdataattribute="description" descinputmode="readonly" desclookup="NOne" id="main_grid1_1_1" inputmode="readonly"/>
									<multiparttextbox dataattribute="MRTMPLTNUM" descdataattribute="description_tmplt" descinputmode="readonly" id="main_grid1_1_21" inputmode="readonly"/>
									<multiparttextbox dataattribute="location" descdataattribute="LOCATIONS.description" descinputmode="readonly" desclookup="none" id="1558424074744" lookup="LOCATIONS"/>
									<multiparttextbox dataattribute="ASSETNUM" descdataattribute="ASSET.description" descinputmode="readonly" desclookup="none" id="1558424042229" label="機器" lookup="ASSET"/>
									<textbox dataattribute="EX_PURCHASEDIV" id="1607573278131"/>
								</section>
							</sectioncol>
							<sectioncol id="1558443235432">
								<section id="main_grid1_1_1_grid2_row1_col2_sec1_1">
									<multiparttextbox applink="PERSON" dataattribute="REQUESTEDBY" descdataattribute="EX_PERSON01.displayname" descinputmode="readonly" desclookup="none" id="1558427545072" lookup="PERSON" menutype="NORMAL"/>
									<multiparttextbox dataattribute="EX_PERSONGROUP" descdataattribute="EX_PERSONGROUP02.DESCRIPTION" descinputmode="readonly" desclookup="none" id="1559289982525" inputmode="readonly" label="要求者組織"/>
									<textbox dataattribute="EX_DELIVERYPOINT" id="1603353082909"/>
									<textbox dataattribute="requireddate" id="main_grid1_1_2_1" label="納入希望日" lookup="datelookup"/>
									<textbox dataattribute="TOTALCOST" id="1558509149385" inputmode="readonly"/>
								</section>
							</sectioncol>
							<sectioncol id="15584432305412">
								<section id="1558420116604">
									<sectionrow id="1558420119760">
										<sectioncol id="15584201197602">
											<textbox dataattribute="SITEID" id="1562773785313"/>
											<textbox dataattribute="status" id="1569980387545" inputmode="readonly"/>
											<textbox dataattribute="ENTERDATE" id="1558424428744"/>
											<multiparttextbox applink="PERSON" dataattribute="CHANGEBY" descdataattribute="EX_PERSON02.DISPLAYNAME" descinputmode="readonly" desclookup="none" id="1558427553213" inputmode="readonly" label="更新者" lookup="PERSON" menutype="NORMAL"/>
											<textbox dataattribute="changedate" id="1558427476213" label="更新日"/>
										</sectioncol>
									</sectionrow>
								</section>
							</sectioncol>
						</sectionrow>
					</section>
					<blankline id="1607573789545"/>
					<table beanclass="psdi.webclient.beans.desktopreq.MRActionsBean" id="reqlines_table" inputmode="readonly" label="要求書明細項目" listeners="mrline0specification_pdspectable" orderby="mrlinenum" relationship="MRLINE">
						<defaultvalue dataattribute="EX_BUDGETNUM" defaulttype="insert" fromattribute="EX_BUDGETNUM" fromdatasrc="mainrecord" id="1559288330088"/>
						<defaultvalue dataattribute="EX_DELIVERYPOINT" defaulttype="insert" fromattribute="EX_DELIVERYPOINT" fromdatasrc="mainrecord" id="1561631925338"/>
						<tablebody displayrowsperpage="10" filterable="true" filterexpanded="false" id="reqlines_tablebody2">
							<tablecol filterable="false" id="reqlines_tablebody_20" mxevent="toggledetailstate" mxevent_desc="詳細の表示" sortable="false" type="event"/>
							<tablecol dataattribute="mrlinenum" id="reqlines_tablebody_21"/>
							<tablecol dataattribute="requireddate" id="reqlines_tablebody_23" label="納入希望日" lookup="datelookup"/>
							<tablecol dataattribute="LINETYPE" id="reqlines_tablebody_24" smartfilloff="false"/>
							<tablecol dataattribute="description" id="reqlines_tablebody_25" label="件名"/>
							<tablecol dataattribute="qty" id="reqlines_tablebody_22" label="必要数量"/>
							<tablecol dataattribute="ORDERUNIT" id="1569980490733"/>
							<tablecol dataattribute="UNITCOST" id="1569980495592"/>
							<tablecol dataattribute="LINECOST" id="1569980506155"/>
							<tablecol filterable="false" id="reqlines_tablebody_212" mxevent="instantdelete" mxevent_desc="行の削除" mxevent_icon="btn_delete.gif" sortable="false" type="event"/>
						</tablebody>
						<tabledetails id="reqlines_tabledetails">
							<section id="reqlines_tabledetails_1" label="詳細">
								<sectionrow id="reqlines_tabledetails_1_row1">
									<sectioncol id="reqlines_tabledetails_1_row1_col1">
										<section id="reqlines_tabledetails_1_row1_col1_sec1">
											<textbox dataattribute="mrlinenum" id="reqlines_tabledetails_1_row2_col1_sec19" ondatachange="resetchildren"/>
											<combobox dataattribute="linetype" id="reqlines_tabledetails_1_row2_col1_sec10"/>
											<textbox dataattribute="DESCRIPTION" id="1569980634232" label="件名"/>
										</section>
									</sectioncol>
									<sectioncol id="1562772017626">
										<section id="reqlines_tabledetails_1_row1_col2_sec1">
											<textbox dataattribute="EX_DELIVERYPOINT" id="1603353110692"/>
											<textbox dataattribute="REQUIREDDATE" id="1558434235041" label="納入希望日" lookup="datelookup"/>
											<textbox dataattribute="REMARKs" id="1558434609275"/>
										</section>
									</sectioncol>
									<sectioncol id="1559622955979">
										<section id="1562772210216">
											<sectionrow id="1562772216034">
												<sectioncol id="15627722160342">
													<textbox dataattribute="qty" id="reqlines_tabledetails_1_row2_col1_sec11" label="必要数量"/>
													<textbox dataattribute="orderunit" id="reqlines_tabledetails_1_row2_col1_sec12" lookup="measureunit"/>
													<textbox dataattribute="unitcost" id="reqlines_tabledetails_1_row2_col1_sec13"/>
													<textbox dataattribute="linecost" id="reqlines_tabledetails_1_row2_col1_sec14" inputmode="readonly"/>
												</sectioncol>
											</sectionrow>
										</section>
									</sectioncol>
								</sectionrow>
								<blankline id="1607574000461"/>
								<sectionrow id="sectionrow_attachments">
									<section border="false" id="main_attachments">
										<table beanclass="psdi.webclient.beans.doclinks.DocLinksBean" description="下のボタンのいずれかをクリックすると、サービス要求に添付ファイルが追加されます。" id="attachments_table" inputmode="readonly" label="添付" orderby="ownertable, doctype" relationship="DOCLINKS">
											<tablebody displayrowsperpage="5" id="attachments_tablebody">
												<tablecol dataattribute="doctype" id="attachments_tablecol_1"/>
												<tablecol dataattribute="document" id="attachments_tablecol_2" type="openurl" urlattribute="weburl"/>
												<tablecol dataattribute="docinfo.description" id="attachments_tablecol_3"/>
												<tablecol filterable="false" id="attachments_tablecol_4" mxevent="toggledeleterow" mxevent_desc="行を削除対象にマーク" mxevent_icon="btn_garbage.gif" sortable="false" type="event"/>
											</tablebody>
											<buttongroup id="attachments_buttongroup">
												<pushbutton id="attachments_pushbutton_1" label="ファイルの添付" mxevent="ex_ssaddnewattachmentfile"/>
											</buttongroup>
											<tabledetails id="attachments_tabledetails"/>
										</table>
									</section>
								</sectionrow>
							</section>
						</tabledetails>
					</table>
					<section id="main1_grid11">
						<buttongroup id="main_buttons">
							<pushbutton default="true" id="main_b1" label="要求書の作成/編集" mxevent="editdr"/>
							<pushbutton id="main_b2" label="テンプレートの作成" mxevent="createtemplate"/>
							<pushbutton id="main_b4" label="削除" mxevent="DELETE" targetid="viewdrft"/>
						</buttongroup>
					</section>
				</tab>
			</tabgroup>
		</clientarea>
		<include controltoclone="pageFooter" id="INCLUDE-pageFooter"/>
	</page>

	<dialog id="linkproperties" label="添付のプロパティー">
		<section border="true" id="linkproperties_1">
			<textbox dataattribute="doctype" id="linkproperties_1_2" inputmode="readonly" label="作成先フォルダー"/>
			<textbox dataattribute="doctypes.description" id="linkproperties_1_3"/>
			<checkbox dataattribute="printthrulink" id="linkproperties_1_4" label="ワークパックとともに印刷"/>
			<textbox dataattribute="docversion" id="linkproperties_1_5" label="バージョン"/>
			<textbox dataattribute="urlname" id="linkproperties_1_6" label="パス"/>
			<textbox dataattribute="description" id="linkproperties_1_7"/>
			<textbox dataattribute="createby" id="linkproperties_1_8" label="作成者"/>
			<textbox dataattribute="createdate" id="linkproperties_1_9" label="作成日"/>
		</section>
		<table id="linkproperties_table" label="使用ロケーション" relationship="WHEREUSED">
			<tablebody displayrowsperpage="14" id="linkproperties_table_1">
				<tablecol dataattribute="ownertable" id="linkproperties_table_1_1" label="アプリケーション"/>
				<tablecol dataattribute="ownerid" id="linkproperties_table_1_2" label="ID"/>
				<tablecol dataattribute="doctype" id="linkproperties_table_1_3" label="文書フォルダー"/>
			</tablebody>
		</table>
		<buttongroup id="linkproperties_buttongrid1">
			<pushbutton default="true" id="linkproperties_buttongrid1_2" label="OK" mxevent="dialogclose"/>
		</buttongroup>
	</dialog>

	<dialog datasrc="MAINRECORD" id="createdr" label="要求書の作成" width="900">
		<section border="true" id="main_grid2" label="要求書の作成">
			<sectionrow id="main_grid2_1_1_grid2_row1">
				<sectioncol id="main_grid2_1_1_grid2_row1_col1">
					<section id="main_grid2_1_1_grid2_row1_col1_sec1">
						<multiparttextbox dataattribute="mrnum" defaultfocus="true" descdataattribute="description" id="main_grid2_1_1" inputmode="readonly"/>
						<textbox dataattribute="requireddate" id="main_grid2_1_2" lookup="datelookup"/>
					</section>
				</sectioncol>
				<sectioncol id="main_grid2_1_1_grid2_row1_col2">
					<section id="main_grid2_1_1_grid2_row1_col2_sec1">
						<textbox applink="person" dataattribute="requestedby" id="main_grid2_1_3" lookup="person" menutype="normal"/>
						<textbox applink="person" dataattribute="requestedfor" id="main_grid2_1_4" lookup="person" menutype="normal"/>
						<textbox dataattribute="priority" id="main_grid2_1_5"/>
					</section>
				</sectioncol>
			</sectionrow>
		</section>
		<include controltoclone="createreq_tabgroup" id="INCLUDE-createreq_tabgroup"/>
		<buttongroup id="editdraft111_btns">
			<pushbutton default="true" id="editdraft111_btn_2" label="キャンセル" mxevent="dialogcancel"/>
		</buttongroup>
	</dialog>
	<configurationblock id="datastore_configurationblock">
	</configurationblock>
</presentation>
