<?xml version="1.0" encoding="UTF-8"?>

<presentation apphelp="com.ibm.mbs.doc,company/c_companies_application.html" id="ex_company" ismobile="false" mboname="COMPANIES" resultstableid="results_showlist" version="7.1.0.0">
	<page id="mainrec" scroll="false">
		<include controltoclone="pageHeader" id="INCLUDE-pageHeader"/>
		<clientarea id="clientarea">
			<tabgroup id="maintabs" style="form">
				<tab default="true" id="results" label="一覧" type="list">
					<menubar event="search" id="actiontoolbar" sourcemethod="getAppSearchOptions"/>
					<table datasrc="results_showlist" id="results_showlist" inputmode="readonly" label="企業" mboname="COMPANIES" selectmode="multiple">
						<tablebody displayrowsperpage="20" filterable="true" filterexpanded="true" id="results_showlist_tablebody">
							<tablecol dataattribute="company" filterable="false" id="results_showlist_tablebody_1" mxevent="toggleselectrow" mxevent_desc="行 {0} の選択" sortable="false" type="event"/>
							<tablecol dataattribute="company" id="results_showlist_tablebody_2" mxevent="selectrecord" mxevent_desc="%1 へ移動" type="link"/>
							<tablecol dataattribute="name" id="results_showlist_tablebody_3"/>
							<tablecol dataattribute="parentcompany" id="results_showlist_tablebody_4"/>
							<tablecol dataattribute="type" id="results_showlist_tablebody_5" linkedcontrolid="qbe_grid2_1_1_grid3_5"/>
							<tablecol dataattribute="currencycode" id="results_showlist_tablebody_6"/>
							<tablecol dataattribute="orgid" id="results_showlist_tablebody_7" linkedcontrolid="qbe_grid2_1_1_grid3_3"/>
							<tablecol filterable="false" id="results_bookmark" mxevent="BOOKMARK" mxevent_desc="ブックマークに追加" mxevent_icon="btn_addtobookmarks.gif" sortable="false" type="event"/>
						</tablebody>
					</table>
				</tab>
				<tab id="main" label="企業" type="insert">
					<section border="true" id="main_grid1">
						<sectionrow id="main_grid1_11">
							<sectioncol id="main_grid1_11_1">
								<section id="main_grid1_11_1_1">
									<multiparttextbox dataattribute="company" descdataattribute="name" id="main_grid1_1"/>
									<multiparttextbox dataattribute="parentcompany" descdataattribute="companychildren.name" descinputmode="readonly" id="main_grid1_4" lookup="companies" menutype="hier" movetoattribute="company" movetoresultset="rec"/>
									<textbox dataattribute="customernum" id="main_grid1_7"/>
									<textbox dataattribute="homepage" id="main_grid1_9"/>
								</section>
							</sectioncol>
							<sectioncol id="main_grid1_11_2">
								<section id="main_grid1_11_2_1">
									<textbox dataattribute="type" id="main_grid1_8" lookup="valuelist"/>
									<textbox dataattribute="orgid" id="main_grid1_3" readonly="true"/>
									<checkbox dataattribute="useparentremitto" id="main_grid1_6"/>
								</section>
							</sectioncol>
							<sectioncol id="main_grid1_11_3">
								<section id="main_grid1_11_3_1">
									<table beanclass="psdi.webclient.beans.doclinks.DocLinksBean" description="下のボタンのいずれかをクリックすると、サービス要求に添付ファイルが追加されます。" id="attachments_table" inputmode="readonly" label="添付" orderby="ownertable, doctype" relationship="DOCLINKS">
										<tablebody displayrowsperpage="3" id="attachments_tablebody">
											<tablecol dataattribute="doctype" id="attachments_tablecol_1"/>
											<tablecol dataattribute="document" id="attachments_tablecol_2" type="openurl" urlattribute="weburl"/>
											<tablecol dataattribute="docinfo.description" id="attachments_tablecol_3"/>
											<tablecol filterable="false" id="attachments_tablecol_4" mxevent="toggledeleterow" mxevent_desc="行を削除対象にマーク" mxevent_icon="btn_garbage.gif" sortable="false" type="event"/>
										</tablebody>
										<buttongroup id="attachments_buttongroup">
											<pushbutton id="attachments_pushbutton_1" label="ファイルの添付" mxevent="ex_ssaddnewattachmentfile"/>
										</buttongroup>
										<tabledetails id="attachments_tabledetails"/>
									</table>
								</section>
							</sectioncol>
						</sectionrow>
					</section>
					<section id="main_grid2">
						<blankline id="1606447870113"/>
						<sectionrow id="main_grid2_11">
							<sectioncol id="main_grid2_11_1">
								<section id="main_grid2_11_1_1" label="発注詳細">
									<sectionrow id="main_grid2_11_r1">
										<sectioncol id="main_grid2_11_r1_c1">
											<section id="main_grid2_11_r1_c1_s1">
												<textbox dataattribute="currencycode" id="main_grid2_1" lookup="currency"/>
												<textbox dataattribute="tax1code" id="main_grid2_2" lookup="taxcode"/>
												<checkbox dataattribute="inclusive1" id="main_grid3_3"/>
												<checkbox dataattribute="disabled" id="main_grid2_8"/>
											</section>
										</sectioncol>
									</sectionrow>
								</section>
							</sectioncol>
							<sectioncol id="main_grid3">
								<section id="main_grid3a" label="支払詳細">
									<sectionrow id="main_grid3_11">
										<sectioncol id="main_grid3_11_1">
											<section id="main_grid3_11_1_1">
												<textbox dataattribute="bankaccount" id="main_grid3_1"/>
												<textbox dataattribute="banknum" id="main_grid3_2"/>
												<textbox dataattribute="payvendor" id="main_grid3_4"/>
												<textbox dataattribute="paymentterms" id="main_grid3_5"/>
											</section>
										</sectioncol>
									</sectionrow>
								</section>
							</sectioncol>
							<sectioncol id="1602729179463">
								<section id="1602729190448" label="変更情報">
									<sectionrow id="1602729236400">
										<sectioncol id="16027292364002">
											<section id="1602729212527">
												<textbox dataattribute="EX_PERSON01.DISPLAYNAME" id="1602729207962" label="変更者"/>
												<textbox dataattribute="CHANGEDATE" id="1602729209962"/>
											</section>
										</sectioncol>
									</sectionrow>
								</section>
							</sectioncol>
						</sectionrow>
					</section>
				</tab>
				<tab id="contacts" label="問合せ先">
					<section border="true" id="contacts_grid1">
						<sectionrow id="contacts_grid1_11">
							<sectioncol id="contacts_grid1_11_1">
								<section id="contacts_grid1_11_1_1">
									<multiparttextbox dataattribute="company" descdataattribute="name" id="contacts_grid1_1"/>
								</section>
							</sectioncol>
							<sectioncol id="contacts_grid1_11_2">
								<section id="contacts_grid1_11_2_1">
									<textbox dataattribute="orgid" id="contacts_grid1_3"/>
								</section>
							</sectioncol>
						</sectionrow>
					</section>
					<table id="contacts_contacts_table" label="問合せ先" relationship="CONTACT">
						<tablebody displayrowsperpage="13" filterable="true" id="contacts_contacts_table_tablebody">
							<tablecol filterable="false" id="contacts_contacts_table_tablebody_1" mxevent="toggledetailstate" mxevent_desc="詳細の表示" sortable="false" type="event"/>
							<tablecol dataattribute="contact" id="contacts_contacts_table_tablebody_2" linkedcontrolid="contacts_contacts_table_1_grid3_1"/>
							<tablecol dataattribute="EX_PRESIDENT" id="1611630020647"/>
							<tablecol dataattribute="POSITION" id="contacts_contacts_table_tablebody_3" linkedcontrolid="contacts_contacts_table_1_grid3_2"/>
							<tablecol dataattribute="voicephone" id="contacts_contacts_table_tablebody_4" linkedcontrolid="contacts_contacts_table_1_grid3_3"/>
							<tablecol dataattribute="faxphone" id="contacts_contacts_table_tablebody_5" linkedcontrolid="contacts_contacts_table_1_grid3_4"/>
							<tablecol dataattribute="email" id="contacts_contacts_table_tablebody_6" linkedcontrolid="contacts_contacts_table_1_grid3_5"/>
							<tablecol filterable="false" id="contacts_contacts_table_tablebody_7" mxevent="toggledeleterow" mxevent_desc="行を削除対象にマーク" mxevent_icon="btn_garbage.gif" sortable="false" type="event"/>
						</tablebody>
						<tabledetails id="contacts_contacts_table_1">
							<section id="contacts_contacts_table_1_grid3" label="詳細">
								<sectionrow id="contacts_contacts_table_1_grid3_11">
									<sectioncol id="contacts_contacts_table_1_grid3_11_1">
										<section id="contacts_contacts_table_1_grid3_11_1_1">
											<textbox dataattribute="contact" defaultfocus="true" id="contacts_contacts_table_1_grid3_1"/>
											<textbox dataattribute="position" id="contacts_contacts_table_1_grid3_2"/>
											<textbox dataattribute="email" id="contacts_contacts_table_1_grid3_5"/>
										</section>
									</sectioncol>
									<sectioncol id="contacts_contacts_table_1_grid3_11_2">
										<section id="contacts_contacts_table_1_grid3_11_2_1">
											<checkbox dataattribute="EX_PRESIDENT" id="1611628319440"/>
											<textbox dataattribute="voicephone" id="contacts_contacts_table_1_grid3_3"/>
											<textbox dataattribute="faxphone" id="contacts_contacts_table_1_grid3_4"/>
										</section>
									</sectioncol>
								</sectionrow>
							</section>
						</tabledetails>
						<buttongroup id="contacts_contacts_table_2">
							<pushbutton default="true" id="contacts_contacts_table_2_1" label="新規行" mxevent="addrow"/>
						</buttongroup>
					</table>
				</tab>
				<tab id="addresses" label="住所">
					<section border="true" id="addresses_grid1">
						<sectionrow id="addresses_grid1_11">
							<sectioncol id="addresses_grid1_11_1">
								<section id="addresses_grid1_11_1_1">
									<multiparttextbox dataattribute="company" descdataattribute="name" id="addresses_grid1_1"/>
								</section>
							</sectioncol>
							<sectioncol id="addresses_grid1_11_2">
								<section id="addresses_grid1_11_2_1">
									<textbox dataattribute="orgid" id="addresses_grid1_3"/>
								</section>
							</sectioncol>
						</sectionrow>
					</section>
					<section id="addresses_grid2">
						<sectionrow id="addresses_grid2_11">
							<sectioncol id="addresses_grid2_11_2">
								<section id="addresses_grid2_11_2_1" label="一般情報">
									<textbox dataattribute="contact" id="addresses_grid2_1" lookup="compcontact" smartfilloff="true"/>
									<textbox dataattribute="address1" id="addresses_grid2_2"/>
									<textbox dataattribute="address2" id="addresses_grid2_3"/>
									<textbox dataattribute="address3" id="addresses_grid2_4"/>
									<textbox dataattribute="address4" id="addresses_grid2_5"/>
									<textbox dataattribute="phone" id="addresses_grid2_6"/>
									<textbox dataattribute="fax" id="addresses_grid2_7"/>
								</section>
							</sectioncol>
							<sectioncol id="addresses_grid2_22_1">
								<section id="addresses_grid2_22_1_1" label="送金先情報">
									<textbox dataattribute="remitcontact" id="addresses_grid3_1" lookup="compcontact" smartfilloff="true"/>
									<textbox dataattribute="remitaddress1" id="addresses_grid3_2"/>
									<textbox dataattribute="remitaddress2" id="addresses_grid3_3"/>
									<textbox dataattribute="remitaddress3" id="addresses_grid3_4"/>
									<textbox dataattribute="remitaddress4" id="addresses_grid3_5"/>
								</section>
							</sectioncol>
						</sectionrow>
					</section>
				</tab>
				<tab id="branches" label="支店">
					<section border="true" id="branches_grid1">
						<sectionrow id="branches_grid1_11">
							<sectioncol id="branches_grid1_11_1">
								<section id="branches_grid1_11_1_1">
									<multiparttextbox dataattribute="company" descdataattribute="name" id="branches_grid1_1"/>
								</section>
							</sectioncol>
							<sectioncol id="branches_grid1_11_2">
								<section id="branches_grid1_11_2_1">
									<textbox dataattribute="orgid" id="branches_grid1_3"/>
								</section>
							</sectioncol>
						</sectionrow>
					</section>
					<table id="branches_branches_table" label="支店" relationship="COMPANYPARENT">
						<tablebody displayrowsperpage="13" filterable="true" id="branches_branches_table_tablebody">
							<tablecol filterable="false" id="branches_branches_table_tablebody_1" mxevent="toggledetailstate" mxevent_desc="詳細の表示" sortable="false" type="event"/>
							<tablecol dataattribute="company" id="branches_branches_table_tablebody_2" lookup="companies" menutype="hier" movetoresultset="rec"/>
							<tablecol dataattribute="name" id="branches_branches_table_tablebody_3" lookup="longdesc"/>
							<tablecol dataattribute="useparentremitto" id="branches_branches_table_tablebody_4" linkedcontrolid="branches_branches_table_1_grid3_3"/>
							<tablecol filterable="false" id="branches_branches_table_tablebody_5" mxevent="toggledeleterow" mxevent_desc="行を削除対象にマーク" mxevent_icon="btn_garbage.gif" sortable="false" type="event"/>
						</tablebody>
						<tabledetails id="branches_branches_table_1">
							<section id="branches_branches_table_1_grid3" label="詳細">
								<sectionrow id="branches_branches_table_1_grid3_row_1">
									<sectioncol id="branches_branches_table_1_grid3_row_1_col_1">
										<section id="branches_branches_table_1_grid3_row_1_col_1_section_1">
											<multiparttextbox dataattribute="company" defaultfocus="true" descdataattribute="name" id="branches_branches_table_1_grid3_1" lookup="companies" menutype="hier" movetoattribute="company" movetoresultset="rec"/>
										</section>
									</sectioncol>
									<sectioncol id="branches_branches_table_1_grid3_row_1_col_2">
										<section id="branches_branches_table_1_grid3_row_1_col_1_section_2">
											<checkbox dataattribute="useparentremitto" id="branches_branches_table_1_grid3_3"/>
										</section>
									</sectioncol>
								</sectionrow>
							</section>
						</tabledetails>
						<buttongroup id="branches_branches_table_2">
							<pushbutton default="true" id="branches_branches_table_2_1" label="新規行" mxevent="addrow"/>
						</buttongroup>
					</table>
				</tab>
			</tabgroup>
		</clientarea>
		<include controltoclone="pageFooter" id="INCLUDE-pageFooter"/>
	</page>

	<dialog beanclass="psdi.webclient.system.beans.QbeBean" id="searchmore" inputmode="query" label="検索条件の入力">
		<section id="qbe_grid2_1_1_grid3">
			<multiparttextbox dataattribute="company" descdataattribute="name" descinputmode="query" id="qbe_grid2_1_1_grid3_1" inputmode="query"/>
			<textbox dataattribute="customernum" id="qbe_grid2_1_1_grid3_4" inputmode="query"/>
			<textbox dataattribute="type" id="qbe_grid2_1_1_grid3_5" inputmode="query" lookup="valuelist"/>
			<textbox applink="multisite" dataattribute="orgid" id="qbe_grid2_1_1_grid3_3" inputmode="query" lookup="org" menutype="normal"/>
		</section>
		<buttongroup id="qbe_grid5_1_1_grid6">
			<pushbutton default="true" id="qbe_grid5_1_1_grid6_1" label="検索" mxevent="dialogok"/>
			<pushbutton id="qbe_restoreappdefault_button" label="アプリケーション・デフォルトのリストア" mxevent="qbeclear"/>
			<pushbutton id="qbe_revisebutton" label="改訂" menutype="SEARCHMOREREVISE" targetid="searchmore"/>
			<pushbutton id="qbe_grid5_1_1_grid6_3" label="キャンセル" mxevent="qbecancel"/>
		</buttongroup>
	</dialog>

	<dialog beanclass="psdi.webclient.beans.company.CommodityGrpSelectBean" id="selectcommodgrp" label="商品グループの選択" mboname="COMMODITIES">
		<table id="selectcommodgrp_select_table" label="商品グループ" selectmode="multiple">
			<tablebody displayrowsperpage="15" filterable="true" id="selectcommodgrp_select_table_tablebody">
				<tablecol filterable="false" id="selectcommodgrp_select_table_tablebody_1" mxevent="toggleselectrow" sortable="false" type="event"/>
				<tablecol dataattribute="commodity" id="selectcommodgrp_select_table_tablebody_2"/>
				<tablecol dataattribute="description" id="selectcommodgrp_select_table_tablebody_3"/>
			</tablebody>
		</table>
		<buttongroup id="selectcommodgrp_2">
			<pushbutton default="true" id="selectcommodgrp_2_1" label="OK" mxevent="dialogok"/>
			<pushbutton id="selectcommodgrp_2_2" label="キャンセル" mxevent="dialogcancel"/>
		</buttongroup>
	</dialog>

	<dialog id="viewcont" label="契約の表示" relationship="VENDOR">
		<table id="viewcont_contracts_table" label="契約">
			<tablebody displayrowsperpage="15" filterable="true" id="viewcont_contracts_table_tablebody">
				<tablecol dataattribute="contractnum" id="viewcont_contracts_tablebody_1" inputmode="readonly" menutype="normal"/>
				<tablecol dataattribute="revisionnum" id="viewcont_contracts_tablebody_2" inputmode="readonly"/>
				<tablecol dataattribute="description" id="viewcont_contracts_tablebody_3" inputmode="readonly"/>
				<tablecol dataattribute="contracttype" id="viewcont_contracts_table_tablebody_4" inputmode="readonly"/>
				<tablecol dataattribute="status" id="viewcont_contracts_table_tablebody_5" inputmode="readonly"/>
				<tablecol dataattribute="startdate" id="viewcont_contracts_table_tablebody_6" inputmode="readonly"/>
				<tablecol dataattribute="enddate" id="viewcont_contracts_table_tablebody_7" inputmode="readonly"/>
			</tablebody>
		</table>
		<buttongroup id="viewcont_contracts_2">
			<pushbutton default="true" id="viewcont_contracts_2_1" label="OK" mxevent="dialogclose"/>
		</buttongroup>
	</dialog>

	<dialog beanclass="psdi.webclient.beans.company.CommoditySelectBean" id="selectcommodities" label="商品の選択" mboname="COMMODITIES">
		<table id="selectcommodities_select_table" label="商品" selectmode="multiple">
			<tablebody displayrowsperpage="15" filterable="true" id="selectcommodities_select_table_tablebody">
				<tablecol filterable="false" id="selectcommodities_select_table_tablebody_1" mxevent="toggleselectrow" sortable="false" type="event"/>
				<tablecol dataattribute="commodity" id="selectcommodities_select_table_tablebody_2"/>
				<tablecol dataattribute="description" id="selectcommodities_select_table_tablebody_3"/>
			</tablebody>
		</table>
		<buttongroup id="selectcommodities_2">
			<pushbutton default="true" id="selectcommodities_2_1" label="OK" mxevent="dialogok"/>
			<pushbutton id="selectcommodities_2_2" label="キャンセル" mxevent="dialogcancel"/>
		</buttongroup>
	</dialog>

	<dialog beanclass="psdi.webclient.system.beans.ViewBookmarksBean" id="searchbook" label="ブックマーク" mboname="COMPANIES">
		<table id="bookmarks_table" inputmode="readonly" label="企業" selectmode="single">
			<tablebody displayrowsperpage="20" filterable="true" id="bookmarks_table_tablebody">
				<tablecol dataattribute="company" id="bookmarks_tablebody_1" mxevent="selectrecord" type="link"/>
				<tablecol dataattribute="name" id="bookmarks_table_tablebody_2"/>
				<tablecol filterable="false" id="bookmarks_table_tablebody_delete" mxevent="instantdelete" mxevent_desc="削除" mxevent_icon="btn_delete.gif" sortable="false" type="event"/>
			</tablebody>
		</table>
		<buttongroup id="bookmarks_2">
			<pushbutton default="true" id="bookmarks_2_1" label="OK" mxevent="dialogok"/>
		</buttongroup>
	</dialog>

	<dialog id="ccode" label="商品の関連付け">
		<table id="commoditygroup" label="商品グループ" relationship="COMM_COMPGRP">
			<tablebody displayrowsperpage="5" filterable="true" id="commcode_grid1_1_1_CommodityGroupsTable_tablebody">
				<tablecol filterable="false" id="commcode_grid1_1_1_CommodityGroupsTable_tablebody_1a" mxevent="toggledetailstate" mxevent_desc="詳細の表示" sortable="false" type="event"/>
				<tablecol dataattribute="commodity" id="commcode_grid1_1_1_CommodityGroupsTable_tablebody_1" label="商品グループ" lookup="commoditygroup" sortable="true"/>
				<tablecol dataattribute="COMM_COMPCOMGRP.description" id="commcode_grid1_1_1_CommodityGroupsTable_tablebody_2" longdescreadonly="true" lookup="longdesc" sortable="true"/>
				<tablecol dataattribute="COMM_COMPCOMGRP.isservice" id="commcode_grid1_1_1_CommodityGroupsTable_tablebody_3">
					<checkbox id="commcode_grid1_1_1_CommodityGroupsTable_tablebody_3_1"/>
				</tablecol>
				<tablecol filterable="false" id="commcode_grid1_1_1_CommodityGroupsTable_tablebody_4" mxevent="toggledeleterow" mxevent_desc="行を削除対象にマーク" mxevent_icon="btn_garbage.gif" sortable="false" type="event"/>
			</tablebody>
			<tabledetails id="commoditygroup_details">
				<section id="commoditygroup_details_sec1" label="詳細">
					<multiparttextbox dataattribute="commodity" descdataattribute="COMM_COMPCOMGRP.description" id="commoditygroup_details_sec1_1" label="商品グループ" longdescreadonly="true" lookup="commoditygroup"/>
					<checkbox dataattribute="COMM_COMPCOMGRP.isservice" id="commoditygroup_details_sec1_2"/>
				</section>
			</tabledetails>
			<buttongroup id="commcode_grid1_1_1_CommodityGroupsTable_1">
				<pushbutton id="commcode_grid1_1_1_CommodityGroupsTable_1_1" label="商品グループの選択" mxevent="selectcommodgrp"/>
				<pushbutton default="true" id="commcode_grid1_1_1_CommodityGroupsTable_1_2" label="新規行" mxevent="addrow"/>
			</buttongroup>
		</table>
		<table id="commodity" label="商品グループ {0} の商品コード" parentdatasrc="commoditygroup" parentemptylabel="商品グループの商品コード" relationship="COMM_COMPARENT">
			<sectionheader id="commodity_sectionheader">
				<paramvalues id="commodity_table_sec_params" property="label">
					<paramvalue dataattribute="commodity" datasrc="commoditygroup" id="mcommodity_table_sec_param_1" position="0"/>
				</paramvalues>
			</sectionheader>
			<tablebody displayrowsperpage="5" filterable="true" filterexpanded="false" id="commcode_grid1_1_1_CommodityCodesTable_tablebody">
				<tablecol filterable="false" id="commcode_grid1_1_1_CommodityCodesTable_tablebody_1a" mxevent="toggledetailstate" mxevent_desc="詳細の表示" sortable="false" type="event"/>
				<tablecol dataattribute="commodity" id="commcode_grid1_1_1_CommodityCodesTable_tablebody_1" lookup="commoditycode" sortable="true"/>
				<tablecol dataattribute="COMM_COMPCOMCOM.description" id="commcode_grid1_1_1_CommodityCodesTable_tablebody_2" longdescreadonly="true" lookup="longdesc"/>
				<tablecol dataattribute="COMM_COMPCOMCOM.isservice" id="commcode_grid1_1_1_CommodityCodesTable_tablebody_3">
					<checkbox id="commcode_grid1_1_1_CommodityCodesTable_tablebody_3_1"/>
				</tablecol>
				<tablecol filterable="false" id="commcode_grid1_1_1_CommodityCodesTable_tablebody_4" mxevent="toggledeleterow" mxevent_desc="行を削除対象にマーク" mxevent_icon="btn_garbage.gif" sortable="false" type="event"/>
			</tablebody>
			<tabledetails id="commcode_details">
				<section id="commcode_details_sec1" label="詳細">
					<multiparttextbox dataattribute="commodity" descdataattribute="COMM_COMPCOMGRP.description" id="commcode_details_sec1_1" longdescreadonly="true" lookup="commoditycode"/>
					<checkbox dataattribute="COMM_COMPCOMGRP.isservice" id="ccommcode_details_sec1_2"/>
				</section>
			</tabledetails>
			<buttongroup id="commcode_grid1_1_1_CommodityCodesTable_1">
				<pushbutton id="commcode_grid1_1_1_CommodityCodesTable_1_1" label="商品コードの選択" mxevent="selectcommodities"/>
				<pushbutton default="true" id="commcode_grid1_1_1_CommodityCodesTable_1_2" label="新規行" mxevent="addrow"/>
			</buttongroup>
		</table>
		<buttongroup id="commcode_2">
			<pushbutton default="true" id="commcode_2_1" label="OK" mxevent="dialogok"/>
			<pushbutton id="commcode_2_2" label="キャンセル" mxevent="dialogcancel"/>
		</buttongroup>
	</dialog>
	<configurationblock id="datastore_configurationblock">
	</configurationblock>
</presentation>
