<?xml version="1.0" encoding="UTF-8"?>

<presentation apphelp="com.ibm.mbs.doc,location/c_locations_app.html" beanclass="psdi.webclient.beans.location.LocationAppBean" id="ex_loc" ismobile="false" mboname="LOCATIONS" orderby="location" resultstableid="results_showlist" version="7.1.0.0">
	<page id="mainrec" scroll="false">
		<include controltoclone="pageHeader" id="INCLUDE-pageHeader"/>
		<clientarea id="clientarea">
			<datasrc id="savirtual" relationship="SERVICEADDRESSHIERARCHY"/>
			<datasrc id="serv_add" relationship="SERVICEADDRESS"/>
			<tabgroup id="maintabs" style="form">
				<tab default="true" id="results" label="一覧" type="list">
					<menubar event="search" id="actiontoolbar" sourcemethod="getAppSearchOptions"/>
					<table datasrc="results_showlist" id="results_showlist" inputmode="readonly" label="ロケーション" mboname="LOCATIONS" orderby="PARENT,LOCATION" selectmode="multiple">
						<tablebody displayrowsperpage="20" filterable="true" filterexpanded="true" id="results_showlist_tablebody">
							<tablecol dataattribute="location" filterable="false" id="results_showlist_tablebody_1" mxevent="toggleselectrow" mxevent_desc="行 {0} の選択" sortable="false" type="event"/>
							<tablecol dataattribute="location" id="results_showlist_tablebody_2" menutype="LOCATIONSCLASSIFICATION" mxevent="selectrecord" mxevent_desc="%1 へ移動" type="link"/>
							<tablecol dataattribute="description" id="results_showlist_tablebody_3"/>
							<tablecol dataattribute="PARENT" id="1526884345565" label="上位階層ロケーション"/>
							<tablecol dataattribute="type" id="results_showlist_tablebody_4" linkedcontrolid="qbe_grid2_1_1_grid3_3"/>
							<tablecol dataattribute="status" id="results_showlist_tablebody_5" linkedcontrolid="qbe_grid2_1_1_grid4_2" sortable="true"/>
							<tablecol dataattribute="siteid" id="results_showlist_tablebody_7" linkedcontrolid="qbe_grid2_1_1_grid3_4"/>
							<tablecol filterable="false" id="results_bookmark" mxevent="BOOKMARK" mxevent_desc="ブックマークに追加" mxevent_icon="btn_addtobookmarks.gif" sortable="false" type="event"/>
						</tablebody>
					</table>
				</tab>
				<tab id="main" label="ロケーション" type="insert">
					<section border="true" id="main_grid1">
						<sectionrow id="main_grid1_row">
							<sectioncol id="main_grid1_row_col1">
								<section id="main_grid1_row_col1_sec">
									<multiparttextbox dataattribute="location" descdataattribute="description" id="main_grid1_1"/>
									<textbox dataattribute="type" id="main_grid1_2" lookup="valuelist"/>
								</section>
							</sectioncol>
							<sectioncol id="main_grid1_row_col3">
								<section id="main_grid1_row_col3_sec">
									<textbox dataattribute="siteid" id="main_grid1_3"/>
									<textbox dataattribute="status" id="main_grid6_2"/>
								</section>
							</sectioncol>
							<sectioncol id="main_grid1_row_col2">
								<section id="main_grid1_row_col2_sec">
									<table beanclass="psdi.webclient.beans.doclinks.DocLinksBean" description="下のボタンのいずれかをクリックすると、添付ファイルが追加されます。" id="attachments_table" inputmode="readonly" label="添付" orderby="ownertable, doctype" relationship="DOCLINKS">
										<tablebody displayrowsperpage="3" id="attachments_tablebody">
											<tablecol dataattribute="doctype" id="attachments_tablecol_1"/>
											<tablecol dataattribute="document" id="attachments_tablecol_2" type="openurl" urlattribute="weburl"/>
											<tablecol dataattribute="docinfo.description" id="attachments_tablecol_3"/>
											<tablecol filterable="false" id="attachments_tablecol_4" mxevent="toggledeleterow" mxevent_desc="行を削除対象にマーク" mxevent_icon="btn_garbage.gif" sortable="false" type="event"/>
										</tablebody>
										<buttongroup id="attachments_buttongroup">
											<pushbutton id="attachments_pushbutton_1" label="ファイルの添付" mxevent="ex_ssaddnewattachmentfile"/>
										</buttongroup>
										<tabledetails id="attachments_tabledetails"/>
									</table>
								</section>
							</sectioncol>
						</sectionrow>
					</section>
					<section id="assigment" label="ロケーションの割り当て" licensekey="SCHEDULER_760" sigoption="REPFACREQ">
						<table id="loc_assignments_table" relationship="REPLOCASSIGN">
							<tablebody displayrowsperpage="18" filterable="true" id="loc_assignments_table_tablebody">
								<tablecol filterable="false" id="loc_assignments_table_tablebody_1" mxevent="toggledetailstate" mxevent_desc="詳細の表示" sortable="false" type="event"/>
								<tablecol dataattribute="wonum" id="loc_assignments_table_tablebody_2" linkedcontrolid="loc_assignments_table_1_grid1_1" sortable="false"/>
								<tablecol dataattribute="workorder.description" id="loc_assignments_table_tablebody_3" sortable="false"/>
								<tablecol dataattribute="workorder.worktype" id="loc_assignments_table_tablebody_4" sortable="false"/>
								<tablecol dataattribute="startdate" id="loc_assignments_table_tablebody_5" linkedcontrolid="loc_assignments_table_1_grid3_1" synchronous="true"/>
								<tablecol dataattribute="finishdate" id="loc_assignments_table_tablebody_6" linkedcontrolid="loc_assignments_table_1_grid3_2" synchronous="true"/>
								<tablecol dataattribute="hours" id="loc_assignments_table_tablebody_7" linkedcontrolid="loc_assignments_table_1_grid3_3" synchronous="true"/>
								<tablecol dataattribute="status" id="loc_assignments_table_tablebody_8" linkedcontrolid="loc_assignments_table_1_grid3_4"/>
								<tablecol dataattribute="appointment" id="loc_assignments_table_tablebody_9" linkedcontrolid="loc_assignments_table_1_grid3_5"/>
								<tablecol dataattribute="apptrequired" id="loc_assignments_table_tablebody_10" linkedcontrolid="loc_assignments_table_1_grid3_6"/>
								<tablecol filterable="false" id="loc_table_tablebody_13" mxevent="toggledeleterow" mxevent_desc="行を削除対象にマーク" mxevent_icon="btn_garbage.gif" sortable="false" type="event"/>
							</tablebody>
							<tabledetails id="loc_assignments_table_1">
								<section id="as_a" label="詳細">
									<sectionrow id="as_b">
										<sectioncol id="as_c">
											<section id="loc_assignments_table_1_grid1">
												<multiparttextbox applink="wotrack" dataattribute="wonum" descdataattribute="workorder.description" descinputmode="readonly" id="loc_assignments_table_1_grid1_1" longdescreadonly="true" lookup="workorder" menutype="workorder"/>
												<textbox dataattribute="status" id="loc_assignments_table_1_grid3_4" inputmode="readonly"/>
												<checkbox dataattribute="appointment" id="loc_assignments_table_1_grid3_5"/>
												<checkbox dataattribute="apptrequired" id="loc_assignments_table_1_grid3_6"/>
											</section>
										</sectioncol>
										<sectioncol id="as_d">
											<section id="assignments_assignments_table_1_grid2">
												<textbox dataattribute="startdate" id="loc_assignments_table_1_grid3_1" lookup="datelookup" synchronous="true"/>
												<textbox dataattribute="finishdate" id="loc_assignments_table_1_grid3_2" lookup="datelookup" synchronous="true"/>
												<textbox dataattribute="hours" id="loc_assignments_table_1_grid3_3" synchronous="true"/>
											</section>
										</sectioncol>
									</sectionrow>
								</section>
							</tabledetails>
							<buttongroup id="assignments_assignments_table_2">
								<pushbutton id="loc_assignments_table_2_3" label="新規行" mxevent="addrow"/>
							</buttongroup>
						</table>
					</section>
					<section id="plusc_grid" label="較正の詳細" licensekey="CALIBRATION">
						<sectionrow id="plusc_grid_2_5">
							<sectioncol id="plusc_grid_2_1_5">
								<helpgrid id="Cal_loc_help" innerhtml="ループとは、グループ化されてまとめて較正される計器のセットです。ロケーションは、較正ループの一部と見なすことができます。" morehelp="com.ibm.cal.doc,pluscloc/c_loop_calibration.html"/>
							</sectioncol>
						</sectionrow>
						<sectionrow id="plusc_grid_2_0">
							<sectioncol id="plusc_grid_2_1_0">
								<section id="plusc_grid_2_1_1_0">
									<sectionrow id="plusc_grid_2">
										<sectioncol id="plusc_grid_2_1">
											<section id="plusc_grid_2_1_1">
												<checkbox dataattribute="PLUSCLOOP" id="main_grid6_PLUSCLOOP"/>
											</section>
										</sectioncol>
										<sectioncol id="plusc_grid_2_3">
											<section id="plusc_grid_2_3_1">
												<textbox dataattribute="PLUSCDUEDATE_NP" id="main_grid6_PLUSCDUEDATE" inputmode="masked"/>
											</section>
										</sectioncol>
										<sectioncol id="plusc_grid_2_4">
											<section id="plusc_grid_2_4_1">
												<checkbox dataattribute="PLUSCPMEXTDATE" id="main_grid6_PLUSCPMEXTDATE" inputmode="masked"/>
											</section>
										</sectioncol>
									</sectionrow>
								</section>
							</sectioncol>
						</sectionrow>
					</section>
					<table id="main_system_table" inputmode="readonly" label="システム" relationship="LOCSYSTEMS_FOR_LOCATION">
						<tablebody displayrowsperpage="3" filterable="true" id="main_system_table_tablebody">
							<tablecol dataattribute="systemid" id="main_system_table_tablebody_1" width="100"/>
							<tablecol dataattribute="description" id="main_system_table_tablebody_2" showfilterfield="true" sortable="false" width="200"/>
							<tablecol dataattribute="network" id="main_system_table_tablebody_3" sortable="false">
								<checkbox dataattribute="network" id="main_system_table_tablebody_3a"/>
							</tablecol>
							<tablecol dataattribute="ADDRESS" id="main_system_table_tablebody_4" licensekey="SERVICEADDRESS" sortable="false">
								<checkbox dataattribute="ADDRESS" id="main_system_table_tablebody_4a"/>
							</tablecol>
						</tablebody>
					</table>
					<table datasrc="lochierparents" id="main_belongsto_table" label="{0} の上位階層" orderby="parent" parentdatasrc="main_system_table" parentemptylabel="システムの上位階層" relationship="LOCHIERARCHY_PARENTS" titleattributes="location,systemid">
						<sectionheader id="sectionheader11111">
							<paramvalues id="sec_params11111" property="label">
								<paramvalue dataattribute="location" datasrc="MAINRECORD" id="sec_param_111122" position="0"/>
								<paramvalue dataattribute="systemid" datasrc="main_system_table" id="sec_param_111133" position="1"/>
							</paramvalues>
						</sectionheader>
						<tablebody displayrowsperpage="6" filterable="true" id="main_belongsto_table_tablebody">
							<tablecol dataattribute="parent" id="main_belongsto_table_tablebody_2" lookup="locations" menutype="assetlochier" width="100"/>
							<tablecol dataattribute="locations.description" id="main_belongsto_table_tablebody_3" inputmode="readonly" longdescreadonly="true" lookup="longdesc" showfilterfield="true" sortable="false" width="200"/>
							<tablecol dataattribute="LOCATIONS.STATUS" id="1604912132841"/>
							<tablecol filterable="false" id="main_belongsto_table_tablebody_5" mxevent="toggledeleterow" mxevent_desc="行を削除対象にマーク" mxevent_icon="btn_garbage.gif" sortable="false" type="event"/>
						</tablebody>
						<buttongroup id="main_belongsto_table_2">
							<pushbutton default="true" id="main_belongsto_table_2_1" label="新規行" mxevent="addrow"/>
						</buttongroup>
					</table>
					<table datasrc="lochierchildren" id="main_children_table" label="{0} の下位階層" orderby="location" parentdatasrc="main_system_table" parentemptylabel="システムの下位階層" relationship="LOCHIERARCHY_CHILDREN" titleattributes="location,systemid">
						<sectionheader id="sectionheader22222">
							<paramvalues id="sec_params22222" property="label">
								<paramvalue dataattribute="location" datasrc="MAINRECORD" id="sec_param_2222211" position="0"/>
								<paramvalue dataattribute="systemid" datasrc="main_system_table" id="sec_param_2222222" position="1"/>
							</paramvalues>
						</sectionheader>
						<tablebody displayrowsperpage="6" filterable="true" id="main_children_table_tablebody">
							<tablecol dataattribute="location" id="main_children_table_tablebody_2" lookup="locations" menutype="assetlochier"/>
							<tablecol dataattribute="childlocations.description" id="main_children_table_tablebody_3" inputmode="readonly" longdescreadonly="true" lookup="longdesc" showfilterfield="true" sortable="false" width="200"/>
							<tablecol dataattribute="CHILDLOCATIONS.STATUS" id="1604912420965"/>
							<tablecol filterable="false" id="main_children_table_tablebody_5" mxevent="toggledeleterow" mxevent_desc="行を削除対象にマーク" mxevent_icon="btn_garbage.gif" sortable="false" type="event"/>
						</tablebody>
						<buttongroup id="main_children_table_2">
							<pushbutton default="true" id="main_children_table_2_1" label="新規行" mxevent="addrow"/>
						</buttongroup>
					</table>
				</tab>
				<tab id="resident" label="機器">
					<section border="true" id="resident_grid1">
						<sectionrow id="resident_grid1_row">
							<sectioncol id="resident_grid1_row_col1">
								<section id="resident_grid1_row_col1_sec">
									<multiparttextbox dataattribute="location" descdataattribute="description" id="resident_grid1_1"/>
								</section>
							</sectioncol>
							<sectioncol id="resident_grid1_row_col2">
								<section id="resident_grid1_row_col2_sec">
									<textbox dataattribute="siteid" id="resident_grid1_3"/>
								</section>
							</sectioncol>
						</sectionrow>
					</section>
					<table id="resident_resident_table" label="機器" orderby="assetnum" relationship="pluscasset">
						<tablebody displayrowsperpage="20" filterable="true" id="resident_resident_table_tablebody">
							<tablecol filterable="false" id="resident_resident_table_tablebody_1" mxevent="toggledetailstate" mxevent_desc="詳細の表示" sortable="false" type="event"/>
							<tablecol applink="EX_ASSET" dataattribute="assetnum" id="resident_resident_table_tablebody_2" label="機器番号" menutype="assetmain"/>
							<tablecol dataattribute="description" id="resident_resident_table_tablebody_3" inputmode="readonly" label="機器名称"/>
							<tablecol dataattribute="EX_HIERARCHYPATH" id="resident_resident_table_tablebody_4" inputmode="readonly" label="機器タイプ"/>
							<tablecol dataattribute="EX_PLACE" filterable="false" id="resident_resident_table_tablebody_6" inputmode="readonly"/>
							<tablecol dataattribute="STATUS" id="resident_resident_table_tablebody_8" inputmode="readonly"/>
						</tablebody>
						<tabledetails id="resident_resident_table_1">
							<section id="resident_resident_table_1_grid3" label="詳細">
								<multiparttextbox applink="EX_ASSET" dataattribute="assetnum" defaultfocus="true" descdataattribute="description" descinputmode="readonly" id="resident_resident_table_1_grid3_1" label="機器" longdescreadonly="true" menutype="assetmain"/>
								<textbox dataattribute="EX_HIERARCHYPATH" id="1585812813750" inputmode="readonly" label="機器タイプ"/>
								<textbox dataattribute="EX_PLACE" id="resident_resident_table_1_grid3_5" inputmode="readonly"/>
							</section>
						</tabledetails>
					</table>
				</tab>
				<tab id="history" label="機器履歴">
					<section border="true" id="history_grid1">
						<sectionrow id="history_grid1_row">
							<sectioncol id="history_grid1_row_col1">
								<section id="history_grid1_row_col1_sec">
									<multiparttextbox dataattribute="location" descdataattribute="description" id="history_grid1_1"/>
								</section>
							</sectioncol>
							<sectioncol id="history_grid1_row_col2">
								<section id="history_grid1_row_col2_sec">
									<textbox dataattribute="siteid" id="history_grid1_3"/>
								</section>
							</sectioncol>
						</sectionrow>
					</section>
					<table id="history_history_table" inputmode="readonly" label="機器" orderby="assetnum" relationship="PLUSCASSETTRANSMOVED">
						<tablebody displayrowsperpage="20" filterable="true" id="history_history_table_tablebody">
							<tablecol dataattribute="assetnum" id="history_history_table_tablebody_1" label="機器" width="100"/>
							<tablecol dataattribute="asset.description" id="history_history_table_tablebody_2" showfilterfield="true" sortable="false" width="200"/>
							<tablecol dataattribute="DATEMOVED" id="history_history_table_tablebody_3" width="100"/>
							<tablecol dataattribute="SITEID" id="history_history_table_tablebody_4"/>
							<tablecol dataattribute="TOSITEID" id="history_history_table_tablebody_5"/>
							<tablecol dataattribute="FROMLOC" id="history_history_table_tablebody_6"/>
							<tablecol dataattribute="TOLOC" id="history_history_table_tablebody_7"/>
							<tablecol dataattribute="PLUSCFROMLPLOC" id="history_history_table_tablebody_PLUSCFROMLPLOC" licensekey="CALIBRATION"/>
							<tablecol dataattribute="PLUSCTOLPLOC" id="history_history_table_tablebody_PLUSCTOLPLOC" licensekey="CALIBRATION"/>
							<tablecol dataattribute="FROMPARENT" id="history_history_table_tablebody_8"/>
							<tablecol dataattribute="TOPARENT" id="history_history_table_tablebody_9"/>
						</tablebody>
					</table>
				</tab>
				<tab id="1527640690000" label="作業">
					<section border="true" id="1527640690015">
						<sectionrow id="15276406900152">
							<sectioncol id="15276406900153">
								<section id="15276406900154">
									<multiparttextbox dataattribute="location" descdataattribute="description" id="15276406900155"/>
								</section>
							</sectioncol>
							<sectioncol id="15276406900156">
								<section id="15276406900157">
									<textbox dataattribute="siteid" id="15276406900158"/>
								</section>
							</sectioncol>
						</sectionrow>
					</section>
					<tabgroup id="1604907125803">
						<tab id="16049071258032" label="日常保全">
							<table id="1527640690031" label="作業" orderby="WONUM desc" relationship="EX_WO01">
								<tablebody displayrowsperpage="20" filterable="true" id="15276406900312" inputmode="readonly">
									<tablecol dataattribute="WONUM" id="15276406900314" label="作業">
										<textbox applink="ex_wotr" dataattribute="WONUM" id="1604910330828" lookup="WORKORDER" menutype="normal"/>
									</tablecol>
									<tablecol dataattribute="description" id="15276406900315" width="200"/>
									<tablecol dataattribute="STATUS" id="15276406900316" lookup="valuelist"/>
									<tablecol dataattribute="assetnum" id="1604908040058" label="機器"/>
									<tablecol dataattribute="ASSET.DESCRIPTION" id="1604908045291" label="機器名称" width="200"/>
									<tablecol dataattribute="SCHEDSTART" id="15276406900317" lookup="datelookup" width="100"/>
									<tablecol dataattribute="SCHEDFINISH" id="15276406900318" lookup="datelookup" width="100"/>
									<tablecol dataattribute="ACTSTART" id="1527641225484" lookup="DATELOOKUP" width="100"/>
									<tablecol dataattribute="ACTFINISH" id="15276406900473" lookup="DATELOOKUP" width="100"/>
								</tablebody>
								<tabledetails id="15276406900474"/>
							</table>
						</tab>
						<tab id="1604907135156" label="計画保全">
							<table id="1604908958513" label="作業" orderby="WONUM desc" relationship="EX_WO02">
								<tablebody displayrowsperpage="20" filterable="true" id="1604908958521" inputmode="readonly">
									<tablecol dataattribute="WONUM" id="16049089585212" label="作業" lookup="WORKORDER" menutype="normal">
										<textbox applink="ex_wotr" dataattribute="WONUM" id="1604910721706" lookup="WORKORDER" menutype="normal"/>
									</tablecol>
									<tablecol dataattribute="description" id="16049089585213" width="200"/>
									<tablecol dataattribute="STATUS" id="16049089585214" lookup="valuelist"/>
									<tablecol dataattribute="assetnum" id="16049089585215" label="機器"/>
									<tablecol dataattribute="ASSET.DESCRIPTION" id="16049089585216" label="機器名称" width="200"/>
									<tablecol dataattribute="SCHEDSTART" id="1604909750778" lookup="datelookup" width="100"/>
									<tablecol dataattribute="SCHEDFINISH" id="1604909779334" lookup="datelookup" width="100"/>
									<tablecol dataattribute="ACTSTART" id="16049089585219" lookup="DATELOOKUP" width="100"/>
									<tablecol dataattribute="ACTFINISH" id="160490895852110" lookup="DATELOOKUP" width="100"/>
								</tablebody>
								<tabledetails id="160490895852111"/>
							</table>
						</tab>
					</tabgroup>
				</tab>
			</tabgroup>
		</clientarea>
		<include controltoclone="pageFooter" id="INCLUDE-pageFooter"/>
	</page>

	<dialog beanclass="psdi.webclient.beans.location.TicketBean" id="CREATEINC" label="インシデントの作成" relationship="INCIDENTLOC">
		<section datasrc="MAINRECORD" id="createinc_sec">
			<multiparttextbox dataattribute="location" defaultfocus="true" descdataattribute="description" descinputmode="readonly" id="createinc_sec_1"/>
		</section>
		<section id="createinc_sec_sec2">
			<textbox dataattribute="ticketid" id="createinc_sec_sec2_1"/>
			<textbox dataattribute="reportedpriority" id="createinc_sec_3"/>
			<textbox dataattribute="reportedbyid" id="createinc_sec_sec2_2" lookup="person"/>
			<textbox dataattribute="affectedpersonid" id="createinc_sec_sec2_3" lookup="person"/>
			<textbox dataattribute="reportdate" id="createinc_sec_sec2_4"/>
			<textbox dataattribute="description" id="createinc_sec_sec2_5" lookup="longdesc"/>
			<multilinetextbox columns="37" dataattribute="description_longdescription" id="createinc_sec_sec2_6" rows="4"/>
		</section>
		<buttongroup id="createinc_buttongrp">
			<pushbutton default="true" id="createinc_2_2" label="OK" mxevent="dialogok"/>
			<pushbutton id="createinc_2_3" label="キャンセル" mxevent="dialogcancel"/>
		</buttongroup>
	</dialog>

	<dialog beanclass="psdi.webclient.beans.location.TicketBean" id="CREATEPROB" label="問題の作成" relationship="PROBLEMLOC">
		<section datasrc="MAINRECORD" id="createpr_sec">
			<multiparttextbox dataattribute="location" defaultfocus="true" descdataattribute="description" descinputmode="readonly" id="createpr_sec_1"/>
		</section>
		<section id="createpr_sec_sec2">
			<textbox dataattribute="ticketid" id="createpr_sec_sec2_1"/>
			<textbox dataattribute="reportedpriority" id="createpr_sec_3"/>
			<textbox dataattribute="reportedbyid" id="createpr_sec_sec2_2" lookup="person"/>
			<textbox dataattribute="affectedpersonid" id="createpr_sec_sec2_3" lookup="person"/>
			<textbox dataattribute="reportdate" id="createpr_sec_sec2_4"/>
			<textbox dataattribute="description" id="createpr_sec_sec2_5" lookup="longdesc"/>
			<multilinetextbox columns="37" dataattribute="description_longdescription" id="createpr_sec_sec2_6" rows="4"/>
		</section>
		<buttongroup id="createpr_buttongrp">
			<pushbutton default="true" id="createpr_2_2" label="OK" mxevent="dialogok"/>
			<pushbutton id="createpr_2_3" label="キャンセル" mxevent="dialogcancel"/>
		</buttongroup>
	</dialog>

	<dialog id="addsys" label="システムとロケーションの関連付け" relationship="LOCHIERLOCONLY" savemode="ONLOAD">
		<helpgrid id="associatesystems_help" innerhtml="新規システムと現在のロケーションを関連付けるには、「新規行」をクリックします。"/>
		<section datasrc="MAINRECORD" id="associatesystems_bannergrid">
			<multiparttextbox dataattribute="location" defaultfocus="true" descdataattribute="description" descinputmode="readonly" id="associatesystems_bannergrid_1"/>
			<textbox dataattribute="siteid" id="associatesystems_bannergrid_3"/>
		</section>
		<table id="associatesystems_grid1_1_1_addsystem_table" label="システム">
			<tablebody displayrowsperpage="20" filterable="true" id="associatesystems_grid1_1_1_addsystem_table_tablebody">
				<tablecol filterable="false" id="associatesystems_grid1_1_1_addsystem_table_tablebody_1" mxevent="toggledetailstate" mxevent_desc="詳細の表示" sortable="false" type="event"/>
				<tablecol dataattribute="systemid" id="associatesystems_grid1_1_1_addsystem_table_tablebody_2"/>
				<tablecol dataattribute="locsystem.description" id="associatesystems_grid1_1_1_addsystem_table_tablebody_3" showfilterfield="true" sortable="false"/>
				<tablecol dataattribute="locsystem.primarysystem" id="associatesystems_grid1_1_1_addsystem_table_tablebody_4" inputmode="readonly" showfilterfield="true" sortable="false">
					<checkbox dataattribute="locsystem.primarysystem" id="associatesystems_grid1_1_1_addsystem_table_tablebody_4a" inputmode="readonly"/>
				</tablecol>
				<tablecol dataattribute="locsystem.network" id="associatesystems_grid1_1_1_addsystem_table_tablebody_5" inputmode="readonly" showfilterfield="true" sortable="false">
					<checkbox dataattribute="locsystem.network" id="associatesystems_grid1_1_1_addsystem_table_tablebody_5a" inputmode="readonly"/>
				</tablecol>
				<tablecol dataattribute="parent" id="associatesystems_grid1_1_1_addsystem_table_tablebody_6"/>
				<tablecol filterable="false" id="associatesystems_grid1_1_1_addsystem_table_tablebody_7" mxevent="toggledeleterow" mxevent_desc="行を削除対象にマーク" mxevent_icon="btn_garbage.gif" sortable="false" type="event"/>
			</tablebody>
			<tabledetails id="associatesystems_grid1_1_1_addsystem_table_1">
				<section id="associatesystems_grid1_1_1_addsystem_table_1_grid3" label="詳細">
					<multiparttextbox dataattribute="systemid" defaultfocus="true" descdataattribute="locsystem.description" descinputmode="readonly" id="associatesystems_grid1_1_1_addsystem_table_1_grid3_1" longdescreadonly="true" lookup="system" title="System Identification"/>
					<multiparttextbox dataattribute="parent" descdataattribute="locations.description" descinputmode="readonly" id="associatesystems_grid1_1_1_addsystem_table_1_grid3_3" longdescreadonly="true" lookup="locations" menutype="locations" title="Belongs To"/>
					<checkbox dataattribute="locsystem.primarysystem" id="associatesystems_grid1_1_1_addsystem_table_1_grid3_4" inputmode="readonly"/>
					<checkbox dataattribute="locsystem.network" id="associatesystems_grid1_1_1_addsystem_table_1_grid3_5" inputmode="readonly"/>
					<checkbox dataattribute="locsystem.address" id="associatesystems_grid1_1_1_addsystem_table_1_grid3_6" inputmode="readonly" licensekey="SERVICEADDRESS"/>
				</section>
			</tabledetails>
			<buttongroup id="associatesystems_grid1_1_1_addsystem_table_2">
				<pushbutton default="true" id="associatesystems_grid1_1_1_addsystem_table_2_1" label="新規行" mxevent="addrow"/>
			</buttongroup>
		</table>
		<buttongroup id="associatesystems_2">
			<pushbutton default="true" id="associatesystems_2_1" label="OK" mxevent="dialogok"/>
			<pushbutton id="associatesystems_2_2" label="キャンセル" mxevent="dialogcancel"/>
		</buttongroup>
	</dialog>

	<dialog beanclass="psdi.webclient.system.beans.ViewBookmarksBean" id="searchbook" label="ブックマーク" mboname="LOCATIONS">
		<table id="bookmarks_table" inputmode="readonly" label="ロケーション" selectmode="single">
			<tablebody displayrowsperpage="20" filterable="true" id="bookmarks_table_tablebody">
				<tablecol dataattribute="location" id="bookmarks_tablebody_1" mxevent="selectrecord" type="link"/>
				<tablecol dataattribute="description" id="bookmarks_table_tablebody_2"/>
				<tablecol filterable="false" id="bookmarks_table_tablebody_delete" mxevent="instantdelete" mxevent_desc="削除" mxevent_icon="btn_delete.gif" sortable="false" type="event"/>
			</tablebody>
		</table>
		<buttongroup id="bookmarks_2">
			<pushbutton default="true" id="bookmarks_2_1" label="OK" mxevent="dialogok"/>
		</buttongroup>
	</dialog>

	<dialog id="spectemp" label="仕様テンプレートの関連付け" relationship="LINKCLASSSPEC">
		<section border="true" id="spectemp_90">
			<textbox dataattribute="CLASSSTRUCTUREID" id="spectemp_90_1_1_1"/>
		</section>
		<buttongroup id="spectemp_2">
			<pushbutton clickmessage="Specification Template Associated" default="true" id="spectemp_2_1" label="OK" mxevent="dialogok"/>
			<pushbutton id="spectemp_2_2" label="キャンセル" mxevent="dialogcancel"/>
		</buttongroup>
	</dialog>

	<dialog id="viewwopm" label="作業指示書と予防保全の表示" width="900">
		<section border="true" id="viewWOandPMs_ViewWOandPMsFieldGrid">
			<multiparttextbox dataattribute="location" datasrc="MAINRECORD" descdataattribute="description" descinputmode="readonly" id="viewWOandPMs_ViewWOandPMsFieldGrid_1" inputmode="readonly"/>
			<textbox dataattribute="siteid" id="viewWOandPMs_bannergrid_3"/>
		</section>
		<tabgroup id="viewWOandPMs_viewWOandPMsLoc">
			<tab default="true" id="viewWOandPMs" label="作業指示書">
				<include controltoclone="viewWOandPMs_openWOs" id="INCLUDE-viewWOandPMs_openWOs"/>
			</tab>
			<tab id="viewWOandPMs_viewWOandPMsLoc_pmloc" label="予防保全">
				<include controltoclone="viewWOandPMs_PMs" id="INCLUDE-viewWOandPMs_PMs"/>
			</tab>
			<tab id="viewWOandPMs_viewWOandPMsLoc_routes" label="ルート">
				<include controltoclone="viewWOandPMs_Routes" id="INCLUDE-viewWOandPMs_Routes"/>
			</tab>
			<tab id="viewWOandPMs_viewWOandPMsLoc_cont" label="契約">
				<include controltoclone="viewWOandPMs_Cont" id="INCLUDE-viewWOandPMs_Cont"/>
			</tab>
		</tabgroup>
		<buttongroup id="viewWOandPMs_2">
			<pushbutton default="true" id="viewWOandPMs_2_1" label="OK" mxevent="dialogclose"/>
		</buttongroup>
	</dialog>

	<dialog beanclass="psdi.webclient.beans.ci.MultiselectCollectionBean" id="selectcollections" label="コレクションの選択" mboname="COLLECTION">
		<table id="selectcollections_Table" inputmode="readonly" selectmode="multiple">
			<tablebody displayrowsperpage="15" filterable="true" filterexpanded="true" id="selectcollections_Table_tablebody">
				<tablecol filterable="false" id="selectcollections_Table_tablebody_1" mxevent="toggleselectrow" sortable="false" type="event"/>
				<tablecol dataattribute="collectionnum" id="selectcollections_Table_tablebody_2" showfilterfield="true" sortable="true"/>
				<tablecol dataattribute="description" id="selectcollections_Table_tablebody_3" showfilterfield="true" sortable="true"/>
			</tablebody>
		</table>
		<buttongroup id="selectcollections_2">
			<pushbutton default="true" id="selectcollections_2_1" label="OK" mxevent="dialogok" value="copyLocationToCollectDetailsSet"/>
			<pushbutton id="selectcollections_2_2" label="キャンセル" mxevent="dialogcancel"/>
		</buttongroup>
	</dialog>

	<dialog id="viewparent" label="上位階層の表示/変更" orderby="location" relationship="lochierloconly">
		<section datasrc="MAINRECORD" id="viewparent_bannergrid">
			<multiparttextbox dataattribute="location" descdataattribute="description" descinputmode="readonly" id="viewparent_bannergrid_1"/>
			<textbox dataattribute="siteid" id="viewparent_bannergrid_3"/>
		</section>
		<helpgrid id="viewparents_help" innerhtml="特定のシステムに対するロケーションの上位階層を変更するには、該当する行の「新規上位階層」フィールドに値を入力します。変更を適用して戻るには、「OK」をクリックします。"/>
		<table id="viewparents_grid1_1_1_location_table" label="上位階層" parentemptylabel="上位階層の表示/変更" titleattributes="location">
			<tablebody displayrowsperpage="12" filterable="true" id="viewparents_grid1_1_1_location_table_tablebody">
				<tablecol dataattribute="systemid" id="viewparents_grid1_1_1_location_table_tablebody_1"/>
				<tablecol dataattribute="parent" id="viewparents_grid1_1_1_location_table_tablebody_2"/>
				<tablecol dataattribute="locations.description" id="viewparents_grid1_1_1_location_table_tablebody_3" longdescreadonly="true" lookup="longdesc" showfilterfield="true" sortable="false"/>
				<tablecol dataattribute="newparent" id="viewparents_grid1_1_1_location_table_tablebody_4" lookup="locations" menutype="assetlochier" showfilterfield="false" sortable="false"/>
				<tablecol filterable="false" id="viewparents_grid1_1_1_location_table_tablebody_5" mxevent="toggledeleterow" mxevent_desc="行を削除対象にマーク" mxevent_icon="btn_garbage.gif" sortable="false" type="event"/>
			</tablebody>
		</table>
		<buttongroup id="viewparents_2">
			<pushbutton default="true" id="viewparents_2_1" label="OK" mxevent="dialogok"/>
			<pushbutton id="viewparents_2_2" label="キャンセル" mxevent="dialogcancel"/>
		</buttongroup>
	</dialog>

	<dialog beanclass="psdi.webclient.beans.location.UsersAndCustodiansBean" id="usercust" label="ユーザーおよび管理者" relationship="LOCATIONUSERCUST">
		<section datasrc="MAINRECORD" id="usercust_bannergrid">
			<multiparttextbox dataattribute="location" defaultfocus="true" descdataattribute="description" descinputmode="readonly" id="usercust_bannergrid_1"/>
			<textbox dataattribute="siteid" id="usercust_bannergrid_3"/>
		</section>
		<section id="usercust_grid1">
			<sectionrow id="usercust_grid1_1">
				<sectioncol id="usercust_grid1_1_1">
					<table id="usercust_grid1_1_1_UsersCustodiansTable" label="ユーザーおよび管理者">
						<tablebody displayrowsperpage="20" filterable="true" id="usercust_grid1_1_1_UsersCustodiansTable_tablebody">
							<tablecol filterable="false" id="usercust_grid1_1_1_UsersCustodiansTable_tablebody_1" mxevent="toggledetailstate" mxevent_desc="詳細の表示" sortable="false" type="event"/>
							<tablecol dataattribute="personid" id="usercust_grid1_1_1_UsersCustodiansTable_tablebody_2" linkedcontrolid="usercust_grid1_1_1_UsersCustodiansTable_1_3_1" sortable="true"/>
							<tablecol dataattribute="PERSON.displayname" id="usercust_grid1_1_1_UsersCustodiansTable_tablebody_3" linkedcontrolid="usercust_grid1_1_1_UsersCustodiansTable_1_3_2" sortable="true"/>
							<tablecol dataattribute="isprimary" id="usercust_grid1_1_1_UsersCustodiansTable_tablebody_4" linkedcontrolid="usercust_grid1_1_1_UsersCustodiansTable_1_3_3" ondatachange="refreshtable" sortable="true"/>
							<tablecol dataattribute="iscustodian" id="usercust_grid1_1_1_UsersCustodiansTable_tablebody_5" linkedcontrolid="usercust_grid1_1_1_UsersCustodiansTable_1_3_4" sortable="true"/>
							<tablecol dataattribute="isuser" id="usercust_grid1_1_1_UsersCustodiansTable_tablebody_6" linkedcontrolid="usercust_grid1_1_1_UsersCustodiansTable_1_3_5" sortable="true"/>
							<tablecol filterable="false" id="usercust_grid1_1_1_UsersCustodiansTable_tablebody_7" mxevent="toggledeleterow" mxevent_desc="行を削除対象にマーク" mxevent_icon="btn_garbage.gif" sortable="false" type="event"/>
						</tablebody>
						<tabledetails id="usercust_grid1_1_1_UsersCustodiansTable_1">
							<section id="usercust_grid1_1_1_UsersCustodiansTable_1_3" label="詳細">
								<textbox applink="person" dataattribute="personid" defaultfocus="true" id="usercust_grid1_1_1_UsersCustodiansTable_1_3_1" lookup="person" menutype="normal"/>
								<textbox dataattribute="PERSON.displayname" id="usercust_grid1_1_1_UsersCustodiansTable_1_3_2" inputmode="readonly" title="Name:"/>
								<checkbox dataattribute="isprimary" id="usercust_grid1_1_1_UsersCustodiansTable_1_3_3"/>
								<checkbox dataattribute="iscustodian" id="usercust_grid1_1_1_UsersCustodiansTable_1_3_4"/>
								<checkbox dataattribute="isuser" id="usercust_grid1_1_1_UsersCustodiansTable_1_3_5"/>
							</section>
							<section id="usercust_grid1_1_1_UsersCustodiansTable_1_4" label="計画された修正">
								<sectionrow id="usercust_grid1_1_1_UsersCustodiansTable_row1">
									<sectioncol id="usercust_grid1_1_1_UsersCustodiansTabl_row1_col1">
										<section id="usercust_grid1_1_1_UsersCustodiansTabl_sec1">
											<checkbox dataattribute="willbeprimary" id="usercust_grid1_1_1_UsersCustodiansTable_1_4_1"/>
											<checkbox dataattribute="willbecustodian" id="usercust_grid1_1_1_UsersCustodiansTable_1_4_2"/>
											<checkbox dataattribute="willbeuser" id="usercust_grid1_1_1_UsersCustodiansTable_1_4_3"/>
										</section>
									</sectioncol>
									<sectioncol id="usercust_grid1_1_1_UsersCustodiansTabl_row1_col2">
										<section id="usercust_grid1_1_1_UsersCustodiansTabl_sec2">
											<checkbox dataattribute="modifyperson" id="usercust_grid1_1_1_UsersCustodiansTable_1_5_1"/>
											<checkbox dataattribute="addperson" id="usercust_grid1_1_1_UsersCustodiansTable_1_5_2"/>
											<checkbox dataattribute="removeperson" id="usercust_grid1_1_1_UsersCustodiansTable_1_5_3"/>
											<textbox dataattribute="multiassetlocci.recordclass" id="usercust_grid1_1_1_UsersCustodiansTable_1_5_4" inputmode="readonly"/>
											<textbox dataattribute="multiassetlocci.recordkey" id="usercust_grid1_1_1_UsersCustodiansTable_1_5_5" inputmode="readonly" label="レコード"/>
										</section>
									</sectioncol>
								</sectionrow>
							</section>
						</tabledetails>
						<buttongroup id="usercust_grid1_1_1_UsersCustodiansTable_2">
							<pushbutton default="true" id="usercust_grid1_1_1_UsersCustodiansTable_2_1" label="新規行" mxevent="addrow"/>
						</buttongroup>
					</table>
				</sectioncol>
			</sectionrow>
		</section>
		<buttongroup id="usercust_2">
			<pushbutton default="true" id="usercust_2_1" label="OK" mxevent="dialogok"/>
			<pushbutton id="usercust_2_2" label="キャンセル" mxevent="dialogcancel"/>
		</buttongroup>
	</dialog>

	<dialog beanclass="psdi.webclient.beans.location.ApplyIASBean" id="applyias" label="部品アセンブリー構造の適用" relationship="TOPITEMSTRUCT" width="1000">
		<datasrc id="parentitem" relationship="PARENT"/>
		<helpgrid id="applyias_help" innerhtml="テーブル・ウィンドウで部品アセンブリー構造から作成される新しい階層のロケーション番号を入力するか、「すべてに自動ナンバリング」をクリックして各行のロケーション番号を生成します。"/>
		<section border="true" datasrc="MAINRECORD" id="applyias_grid1">
			<multiparttextbox dataattribute="location" descdataattribute="description" descinputmode="readonly" id="applyias_grid1_1" label="最上位のロケーション" longdescreadonly="true"/>
			<multiparttextbox applink="null,inventor" dataattribute="itemnum" descdataattribute="item.description" descinputmode="readonly" id="applyias_grid1_3" inputmode="readonly" label="最上位部品" longdescreadonly="true"/>
		</section>
		<section id="applyias_grid2" label="ロケーションの階層" titlealign="left">
			<multiparttextbox dataattribute="location" datasrc="MAINRECORD" descdataattribute="description" descinputmode="readonly" id="applyias_grid2_1" label="現在のロケーション"/>
			<multiparttextbox dataattribute="itemnum" descdataattribute="item.description" descinputmode="readonly" id="applyias_grid2_3" label="現在の部品"/>
			<multiparttextbox applink="item" dataattribute="itemnum" datasrc="parentitem" descdataattribute="parentitem.description" descinputmode="readonly" id="applyias_grid2_5" label="上位階層" lookup="item" menutype="itemhier"/>
		</section>
		<table id="applyiasTable" label="ロケーションの階層" relationship="children_rotating_location">
			<tablebody displayrowsperpage="10" filterable="true" id="applyias_grid4_1_1_loc_rotateasset_tablebody">
				<tablecol dataattribute="location" id="applyias_grid4_1_1_loc_rotateasset_tablebody_1" sortable="false"/>
				<tablecol dataattribute="iasdescription" id="applyias_grid4_1_1_loc_rotateasset_tablebody_2" sortable="false"/>
				<tablecol applink="item" dataattribute="itemnum" id="applyias_grid4_1_1_loc_rotateasset_tablebody_3" lookup="item" menutype="itemhier" movetodatasrc="applyias"/>
				<tablecol dataattribute="item.description" id="applyias_grid4_1_1_loc_rotateasset_tablebody_4" lookup="longdesc" sortable="false"/>
				<tablecol dataattribute="glaccount" id="applyias_grid4_1_1_loc_rotateasset_tablebody_5" lookup="glnavigator" sortable="false"/>
				<tablecol dataattribute="rotsuspacct" id="applyias_grid4_1_1_loc_rotateasset_tablebody_6" label="ローテーション仮勘定" lookup="glnavigator" sortable="false"/>
				<tablecol filterable="false" id="applyias_grid4_1_1_loc_rotateasset_tablebody_7" mxevent="toggledeleterow" mxevent_desc="行を削除対象にマーク" mxevent_icon="btn_garbage.gif" sortable="false" type="event"/>
			</tablebody>
		</table>
		<buttongroup id="applyias_grid4_1_1_TblButtons2">
			<pushbutton id="applyias_grid4_1_1_TblButtons2_1" label="すべてに自動ナンバリング" mxevent="applyIASAutoNumAll"/>
			<pushbutton default="true" id="applyias_2_1" label="OK" mxevent="dialogok"/>
			<pushbutton id="applyias_2_2" label="キャンセル" mxevent="dialogcancel"/>
		</buttongroup>
	</dialog>

	<dialog beanclass="psdi.webclient.beans.common.AutoWogenBean" id="metread" label="計測値の入力" orderby="sequence" relationship="ACTIVELOCATIONMETER" savemode="onload">
		<table id="metread_grid_outer_1_1_meter_read" label="計測値">
			<tablebody displayrowsperpage="10" filterable="true" id="metread_grid_outer_1_1_meter_read_tablebody">
				<tablecol filterable="false" id="metread_grid_outer_1_1_meter_read_tablebody_1" mxevent="toggledetailstate" mxevent_desc="詳細の表示" sortable="false" type="event"/>
				<tablecol dataattribute="metername" id="metread_grid_outer_1_1_meter_read_tablebody_2" sortable="true"/>
				<tablecol dataattribute="newreading" id="metread_grid_outer_1_1_meter_read_tablebody_6" linkedcontrolid="metread_grid_outer_1_1_meter_read_1_grid4_6" sortable="false"/>
				<tablecol dataattribute="newreadingdate" id="metread_grid_outer_1_1_meter_read_tablebody_7" linkedcontrolid="metread_grid_outer_1_1_meter_read_1_grid4_7" sortable="false"/>
				<tablecol dataattribute="dorollover" id="metread_grid_outer_1_1_meter_read_tablebody_9" linkedcontrolid="metread_grid_outer_1_1_meter_read_1_grid4_18" sortable="false"/>
				<tablecol dataattribute="inspector" id="metread_grid_outer_1_1_meter_read_tablebody_8" linkedcontrolid="metread_grid_outer_1_1_meter_read_1_grid4_8" sortable="false"/>
				<tablecol dataattribute="meter.metertype" id="metread_grid_outer_1_1_meter_read_tablebody_3" linkedcontrolid="metread_grid_outer_1_1_meter_read_1_grid4_3" sortable="false"/>
				<tablecol dataattribute="previousreading" id="metread_grid_outer_1_1_meter_read_tablebody_4" linkedcontrolid="metread_grid_outer_1_1_meter_read_1_grid4_4" sortable="false"/>
				<tablecol dataattribute="previousreadingdate" id="metread_grid_outer_1_1_meter_read_tablebody_5" linkedcontrolid="metread_grid_outer_1_1_meter_read_1_grid4_5" sortable="false"/>
			</tablebody>
			<tabledetails id="metread_grid_outer_1_1_meter_read_1">
				<section id="metread_grid_outer_1_1_meter_read_1_grid4" label="詳細">
					<sectionrow id="metread_grid_outer_1_1_meter_read_1_grid4_row">
						<sectioncol id="metread_grid_outer_1_1_meter_read_1_grid4_row_col1">
							<section id="metread_grid_outer_1_1_meter_read_1_grid4_row_col1_sec">
								<multiparttextbox dataattribute="metername" defaultfocus="true" descdataattribute="meter.description" descinputmode="readonly" id="metread_grid_outer_1_1_meter_read_1_grid4_1" longdescreadonly="true" title="Meter Name"/>
								<checkbox dataattribute="isdelta" id="metread_grid_outer_1_1_meter_read_1_grid4_9"/>
								<textbox dataattribute="newreading" id="metread_grid_outer_1_1_meter_read_1_grid4_6" inputmode="required" lookup="valuelist"/>
								<textbox dataattribute="newreadingdate" id="metread_grid_outer_1_1_meter_read_1_grid4_7" inputmode="required" lookup="datelookup"/>
								<checkbox dataattribute="dorollover" id="metread_grid_outer_1_1_meter_read_1_grid4_18"/>
								<textbox applink="person" dataattribute="inspector" id="metread_grid_outer_1_1_meter_read_1_grid4_8" inputmode="required" lookup="person" menutype="normal"/>
								<textbox dataattribute="remarks" id="metread_grid_outer_1_1_meter_read_1_grid4_16"/>
								<textbox dataattribute="meter.metertype" id="metread_grid_outer_1_1_meter_read_1_grid4_3" inputmode="readonly"/>
							</section>
						</sectioncol>
						<sectioncol id="metread_grid_outer_1_1_meter_read_1_grid4_row_col2">
							<section id="metread_grid_outer_1_1_meter_read_1_grid4_row_col2_sec">
								<textbox dataattribute="previousreading" id="metread_grid_outer_1_1_meter_read_1_grid4_4" title="Current Reading"/>
								<textbox dataattribute="previousreadingdate" id="metread_grid_outer_1_1_meter_read_1_grid4_5" title="Current Reading Date"/>
								<textbox dataattribute="sincelastoverhaul" id="metread_grid_outer_1_1_meter_read_1_grid4_10"/>
								<textbox dataattribute="sincelastinspect" id="metread_grid_outer_1_1_meter_read_1_grid4_11"/>
								<textbox dataattribute="sincelastrepair" id="metread_grid_outer_1_1_meter_read_1_grid4_12"/>
								<textbox dataattribute="sinceinstall" id="metread_grid_outer_1_1_meter_read_1_grid4_13"/>
								<textbox dataattribute="lifetodate" id="metread_grid_outer_1_1_meter_read_1_grid4_14" title="Life To Date"/>
								<textbox dataattribute="Average" id="metread_grid_outer_1_1_meter_read_1_grid4_15" inputmode="readonly" title="Average"/>
							</section>
						</sectioncol>
					</sectionrow>
				</section>
			</tabledetails>
		</table>
		<buttongroup id="metread_2">
			<pushbutton default="true" id="metread_2_1" label="OK" mxevent="dialogok"/>
			<pushbutton id="metread_2_2" label="キャンセル" mxevent="dialogcancel"/>
		</buttongroup>
	</dialog>

	<dialog beanclass="psdi.webclient.beans.location.WorkorderBean" id="CREATECHNG" label="変更の作成" relationship="WOCHANGELOC">
		<section datasrc="MAINRECORD" id="createchng_sec">
			<multiparttextbox dataattribute="location" defaultfocus="true" descdataattribute="description" descinputmode="readonly" id="createchng_sec_1"/>
		</section>
		<section id="createchng_sec_sec2">
			<textbox dataattribute="wonum" id="createchng_sec_sec2_1"/>
			<textbox dataattribute="wopriority" id="createchng_sec_3"/>
			<textbox dataattribute="reportedbyid" id="createchng_sec_sec2_2" lookup="person"/>
			<textbox dataattribute="reportdate" id="createchng_sec_sec2_4"/>
			<textbox dataattribute="description" id="createchng_sec_sec2_5" lookup="longdesc"/>
			<multilinetextbox columns="37" dataattribute="description_longdescription" id="createchng_sec_sec2_6" rows="4"/>
		</section>
		<buttongroup id="createchng_buttongrp">
			<pushbutton default="true" id="createchng_2_2" label="OK" mxevent="dialogok"/>
			<pushbutton id="createchng_2_3" label="キャンセル" mxevent="dialogcancel"/>
		</buttongroup>
	</dialog>

	<dialog beanclass="psdi.webclient.beans.location.MultiLocationCollectionBean" id="ALOCCOLLCT" label="ロケーションをコレクションに追加" mboname="NPCOLLECTION">
		<section id="aloccollct_1">
			<multiparttextbox applink="collection" dataattribute="collectionnum" descdataattribute="COLLECTION.description" descinputmode="readonly" id="aloccollct_11" lookup="collection" menutype="normal"/>
		</section>
		<buttongroup id="aloccollct_buttons_3">
			<pushbutton default="true" id="aloccollct_buttons_3_1" label="OK" mxevent="dialogok"/>
			<pushbutton id="aloccollct_buttons_3_2" label="キャンセル" mxevent="dialogcancel"/>
		</buttongroup>
	</dialog>

	<dialog beanclass="psdi.webclient.beans.location.ManageSystemBean" height="380" id="editsys" label="システム管理" relationship="SITE">
		<helpgrid id="managesystems_help" innerhtml="主要システムを変更するには、「主要システム」フィールドに値を入力します。新規システムを作成するには、「新規行」をクリックします。"/>
		<table id="managesystems_grid1_1_1_locsystem_table" label="システム" relationship="LOCSYSTEM" startrow="0">
			<tablebody displayrowsperpage="10" filterable="true" id="managesystems_grid1_1_1_locsystem_table_tablebody">
				<tablecol filterable="false" id="managesystems_grid1_1_1_locsystem_table_tablebody_1" mxevent="toggledetailstate" mxevent_desc="詳細の表示" sortable="false" type="event"/>
				<tablecol dataattribute="systemid" id="managesystems_grid1_1_1_locsystem_table_tablebody_2"/>
				<tablecol dataattribute="description" id="managesystems_grid1_1_1_locsystem_table_tablebody_3" showfilterfield="true" sortable="false"/>
				<tablecol dataattribute="siteid" id="managesystems_grid1_1_1_locsystem_table_tablebody_4"/>
				<tablecol dataattribute="primarysystem" id="managesystems_grid1_1_1_locsystem_table_tablebody_5" ondatachange="refreshtable">
					<checkbox dataattribute="primarysystem" id="managesystems_grid1_1_1_locsystem_table_tablebody_5a"/>
				</tablecol>
				<tablecol dataattribute="address" id="managesystems_grid1_1_1_locsystem_table_tablebody_8" label="アドレス・システム" licensekey="SERVICEADDRESS" ondatachange="refreshtable">
					<checkbox dataattribute="address" id="managesystems_grid1_1_1_locsystem_table_tablebody_8a"/>
				</tablecol>
				<tablecol dataattribute="network" filterable="false" id="managesystems_grid1_1_1_locsystem_table_tablebody_6">
					<checkbox dataattribute="network" id="managesystems_grid1_1_1_locsystem_table_tablebody_6a"/>
				</tablecol>
				<tablecol filterable="false" id="managesystems_grid1_1_1_locsystem_table_tablebody_7" mxevent="toggledeleterow" mxevent_desc="行を削除対象にマーク" mxevent_icon="btn_garbage.gif" sortable="false" type="event"/>
			</tablebody>
			<tabledetails id="managesystems_grid1_1_1_locsystem_table_1">
				<section id="managesystems_grid1_1_1_locsystem_table_1_grid3" label="詳細">
					<multiparttextbox dataattribute="systemid" defaultfocus="true" descdataattribute="description" id="managesystems_grid1_1_1_locsystem_table_1_grid3_1" title="System Identification"/>
					<textbox dataattribute="siteid" id="managesystems_grid1_1_1_locsystem_table_1_grid3_5"/>
					<checkbox dataattribute="network" id="managesystems_grid1_1_1_locsystem_table_1_grid3_3"/>
					<checkbox dataattribute="primarysystem" id="managesystems_grid1_1_1_locsystem_table_1_grid3_4"/>
					<checkbox dataattribute="address" id="managesystems_grid1_1_1_locsystem_table_1_grid3_6" licensekey="SERVICEADDRESS"/>
				</section>
			</tabledetails>
			<buttongroup id="managesystems_grid1_1_1_locsystem_table_2">
				<pushbutton default="true" id="managesystems_grid1_1_1_locsystem_table_2_1" label="新規行" mxevent="addrow"/>
			</buttongroup>
		</table>
		<buttongroup id="managesystems_2">
			<pushbutton clickmessage="Systems have been updated." default="true" id="managesystems_2_1" label="OK" mxevent="dialogok"/>
			<pushbutton id="managesystems_2_2" label="キャンセル" mxevent="dialogcancel"/>
		</buttongroup>
	</dialog>

	<dialog beanclass="psdi.webclient.beans.common.ClassificationBean" id="searchmore" inputmode="query" label="検索条件の入力">
		<datasrc beanclass="psdi.webclient.beans.common.RepairFacilityConditionalUIBean" id="repfacilitysrc"/>
		<section id="qbe_grid2">
			<sectionrow id="qbe_grid2_1">
				<sectioncol id="qbe_grid2_1_1">
					<section id="qbe_grid2_1_1_grid3">
						<multiparttextbox dataattribute="location" descdataattribute="description" descinputmode="query" id="qbe_grid2_1_1_grid3_1" inputmode="query" longdescreadonly="true" menutype="LOCATIONSCLASSIFICATION"/>
						<textbox dataattribute="LOCHIERLOCONLY.parent" id="qbe_grid2_1_1_grid4_5" inputmode="query" label="ロケーション上位階層" lookup="locations" menutype="assetlochier"/>
						<textbox dataattribute="LOCHIERLOCONLY.systemid" id="qbe_grid2_1_1_grid4_9" inputmode="query" lookup="system" title="Location System ID"/>
					</section>
				</sectioncol>
				<sectioncol id="qbe_grid2_2_1">
					<section id="qbe_grid2_1_1_grid99">
						<textbox dataattribute="type" id="qbe_grid2_1_1_grid3_3" inputmode="query" lookup="valuelist"/>
						<textbox dataattribute="status" id="qbe_grid2_1_1_grid4_2" inputmode="query" lookup="valuelist"/>
						<textbox dataattribute="siteid" id="qbe_grid2_1_1_grid3_4" inputmode="query" lookup="site"/>
					</section>
				</sectioncol>
			</sectionrow>
		</section>
		<buttongroup id="qbe_grid5_1_1_grid6">
			<pushbutton default="true" id="qbe_grid5_1_1_grid6_1" label="検索" mxevent="dialogok"/>
			<pushbutton id="qbe_restoreappdefault_button" label="検索条件のクリア" mxevent="qbeclear"/>
			<pushbutton id="qbe_revisebutton" label="改訂" menutype="SEARCHMOREREVISE" targetid="searchmore"/>
			<pushbutton id="qbe_grid5_1_1_grid6_3" label="キャンセル" mxevent="qbecancel"/>
		</buttongroup>
	</dialog>

	<dialog id="methist" label="計測履歴の管理" width="900">
		<tabgroup id="locationmeterreadings">
			<tab default="true" id="locationmeterreadings_continuous" label="継続中の計測値">
				<table beanclass="psdi.webclient.beans.meter.MeterHistoryUpdateBean" id="methist_grid_outer_1_1_lochist_table" label="計測値" orderby="metername asc, readingdate desc" parentdatasrc="MAINRECORD" relationship="LOCMETERREADINGS">
					<tablebody displayrowsperpage="20" filterable="true" filterexpanded="false" id="methist_grid_outer_1_1_lochist_table_tablebody">
						<tablecol filterable="false" id="methist_grid_outer_1_1_lochist_table_tablebody_1" mxevent="toggledetailstate" mxevent_desc="詳細の表示" sortable="false" type="event"/>
						<tablecol dataattribute="metername" id="methist_grid_outer_1_1_lochist_table_tablebody_2" sortable="true"/>
						<tablecol dataattribute="meter.description" id="methist_grid_outer_1_1_lochist_table_tablebody_3" sortable="false">
							<textbox id="methist_grid_outer_1_1_lochist_table_tablebody_3a" inputmode="readonly"/>
						</tablecol>
						<tablecol dataattribute="IsModificationADelta" id="methist_grid_outer_1_1_lochist_table_tablebody_9" linkedcontrolid="methist_grid_outer_1_1_lochist_table_1_grid5_8" sortable="true">
							<checkbox dataattribute="IsModificationADelta" id="methist_grid_outer_1_1_assethist_table_tablebody_9a"/>
						</tablecol>
						<tablecol dataattribute="DoRollover" id="methist_grid_outer_1_1_lochist_table_tablebody_12" linkedcontrolid="methist_grid_outer_1_1_lochist_table_1_grid5_16" sortable="false">
							<checkbox dataattribute="DoRollover" id="methist_grid_outer_1_1_assethist_table_tablebody_12a"/>
						</tablecol>
						<tablecol dataattribute="ModifiedReading" id="methist_grid_outer_1_1_lochist_table_tablebody_6" sortable="false"/>
						<tablecol dataattribute="ModifiedDelta" id="methist_grid_outer_1_1_lochist_table_tablebody_7" sortable="false"/>
						<tablecol dataattribute="reading" id="methist_grid_outer_1_1_lochist_table_tablebody_4" linkedcontrolid="methist_grid_outer_1_1_lochist_table_1_grid5_9" sortable="true"/>
						<tablecol dataattribute="delta" id="methist_grid_outer_1_1_lochist_table_tablebody_5" linkedcontrolid="methist_grid_outer_1_1_lochist_table_1_grid5_11" sortable="true"/>
						<tablecol filterable="false" id="methist_grid_outer_1_1_lochist_table_tablebody_saveupdmxevent" mxevent="updatereading" mxevent_desc="計測値の更新の保管" mxevent_icon="atb_save.gif" sortable="false" type="event"/>
					</tablebody>
					<tabledetails id="methist_grid_outer_1_1_lochist_table_1">
						<section id="methist_grid_outer_1_1_lochist_table_1_grid5" label="詳細">
							<sectionrow id="methist_grid_outer_1_1_lochist_table_1_grid5_row">
								<sectioncol id="methist_grid_outer_1_1_lochist_table_1_grid5_row_col1">
									<section id="methist_grid_outer_1_1_lochist_table_1_grid5_row_col1_sec">
										<multiparttextbox dataattribute="metername" defaultfocus="true" descdataattribute="METER.description" descinputmode="readonly" id="methist_grid_outer_1_1_lochist_table_1_grid5_1" title="Table Window Meter Name"/>
										<checkbox dataattribute="IsModificationADelta" id="methist_grid_outer_1_1_lochist_table_1_grid5_8"/>
										<textbox dataattribute="MODIFIEDDELTA" id="methist_grid_outer_1_1_lochist_table_1_grid5_12" title="Table Window Modified Delta"/>
										<textbox dataattribute="reading" id="methist_grid_outer_1_1_lochist_table_1_grid5_9" inputmode="readonly" title="Table Window Reading"/>
										<textbox dataattribute="delta" id="methist_grid_outer_1_1_lochist_table_1_grid5_11" inputmode="readonly" title="Table Window Delta"/>
										<textbox dataattribute="MODIFIEDREADING" id="methist_grid_outer_1_1_lochist_table_1_grid5_10" title="Table Window Modified Reading"/>
										<checkbox dataattribute="DoRollover" id="methist_grid_outer_1_1_lochist_table_1_grid5_16"/>
										<textbox dataattribute="reason" id="methist_grid_outer_1_1_lochist_table_1_grid5_19" title="Table Window Reason"/>
									</section>
								</sectioncol>
								<sectioncol id="methist_grid_outer_1_1_lochist_table_1_grid5_row_col2">
									<section id="methist_grid_outer_1_1_lochist_table_1_grid5_row_col2_sec">
										<textbox dataattribute="readingdate" id="methist_grid_outer_1_1_lochist_table_1_grid5_13" readonly="true" title="Table Window Reading Date"/>
										<checkbox dataattribute="ReadingIsDelta" id="methist_grid_outer_1_1_lochist_table_1_grid5_7"/>
										<textbox dataattribute="MEASUREUNITID" id="methist_grid_outer_1_1_lochist_table_1_grid5_3" title="Table Window Measure Unit"/>
										<textbox dataattribute="rollover" id="methist_grid_outer_1_1_lochist_table_1_grid5_5" readonly="true" title="Table Window Rollover"/>
										<textbox dataattribute="inspector" id="methist_grid_outer_1_1_lochist_table_1_grid5_6" title="Table Window Inspector"/>
									</section>
								</sectioncol>
							</sectionrow>
						</section>
					</tabledetails>
				</table>
			</tab>
			<tab id="locationmeterreadings_chargauge" label="特性およびゲージ計測値">
				<table id="meas_table" inputmode="readonly" label="計測値" orderby="metername asc, measuredate desc" parentdatasrc="MAINRECORD" relationship="MEASUREMENTS">
					<tablebody displayrowsperpage="6" filterable="true" id="meas_table_tablebody">
						<tablecol filterable="false" id="meas_table_tablebody_1" mxevent="toggledetailstate" mxevent_desc="詳細の表示" sortable="false" type="event"/>
						<tablecol dataattribute="metername" id="meas_table_tablebody_5" sortable="true"/>
						<tablecol dataattribute="meter.description" id="meas_table_tablebody_6" sortable="false">
							<textbox id="meas_table_tablebody_6a" inputmode="readonly"/>
						</tablecol>
						<tablecol dataattribute="measuredate" id="meas_table_tablebody_2" linkedcontrolid="meas_table_1_grid2b_1"/>
						<tablecol dataattribute="measurementvalue" id="meas_table_tablebody_3" linkedcontrolid="meas_table_1_grid2b_2"/>
						<tablecol dataattribute="observation" id="meas_table_tablebody_4"/>
						<tablecol dataattribute="inspector" id="meas_table_tablebody_7" linkedcontrolid="meas_table_1_grid2b_5"/>
					</tablebody>
					<tabledetails id="meas_table_1">
						<section id="meas_table_1_grid2b" label="詳細">
							<sectionrow id="meas_table_1_grid2b_row1">
								<sectioncol id="meas_table_1_grid2b_row1_col1">
									<section id="meas_table_1_grid2b_row1_col1_section1">
										<multiparttextbox dataattribute="metername" defaultfocus="true" descdataattribute="METER.description" descinputmode="readonly" id="meas_table_1_grid2b_4"/>
										<multiparttextbox dataattribute="observation" descdataattribute="OBSERV_DESC.description" descinputmode="readonly" id="meas_table_1_grid2b_3"/>
										<textbox dataattribute="measurementvalue" id="meas_table_1_grid2b_2"/>
									</section>
								</sectioncol>
								<sectioncol id="meas_table_1_grid2b_row1_col2">
									<section id="meas_table_1_grid2b_row1_col2_section1">
										<textbox dataattribute="inspector" id="meas_table_1_grid2b_5"/>
										<textbox dataattribute="measuredate" id="meas_table_1_grid2b_1"/>
										<textbox dataattribute="pointnum" id="meas_table_1_grid2b_6"/>
									</section>
								</sectioncol>
							</sectionrow>
						</section>
					</tabledetails>
				</table>
			</tab>
		</tabgroup>
		<buttongroup id="methist_2">
			<pushbutton default="true" id="methist_2_1" label="OK" mxevent="dialogok"/>
			<pushbutton id="methist_2_2" label="キャンセル" mxevent="dialogcancel"/>
		</buttongroup>
	</dialog>

	<dialog id="locstatus" label="ステータスの変更" relationship="LOCCHANGESTATUS" savemode="ONLOADUNLOAD">
		<section border="true" datasrc="MAINRECORD" id="changestatus_grid1_1_1_grid3">
			<multiparttextbox dataattribute="location" descdataattribute="description" descinputmode="readonly" id="changestatus_grid1_1_1_grid3_1"/>
			<multiparttextbox dataattribute="status" descdataattribute="statusdesc.description" descinputmode="readonly" id="changestatus_grid1_1_1_grid3_2"/>
		</section>
		<section border="false" id="changestatus_grid1_1_1_grid4">
			<combobox dataattribute="status" id="changestatus_grid1_1_1_grid4_1"/>
			<textbox dataattribute="asofdate" id="changestatus_grid1_1_1_grid4_2" inputmode="readonly" lookup="datelookup" title="Date"/>
			<textbox dataattribute="memo" id="changestatus_grid1_1_1_grid4_3"/>
			<checkbox dataattribute="rolltoallchildren" id="changestatus_grid1_1_1_grid4_4"/>
			<checkbox dataattribute="rolltoallequipment" id="changestatus_grid1_1_1_grid4_5"/>
			<checkbox dataattribute="removefromalljp" id="changestatus_grid1_1_1_grid4_6"/>
			<checkbox dataattribute="removefromallroutes" id="changestatus_grid1_1_1_grid4_7"/>
			<checkbox dataattribute="removefromactivesp" id="changestatus_grid1_1_1_grid4_8"/>
			<checkbox dataattribute="changepmstatus" id="changestatus_grid1_1_1_grid4_9"/>
		</section>
		<buttongroup id="changestatus_2">
			<pushbutton clickmessage="Location status has been changed." default="true" id="changestatus_2_1" label="OK" mxevent="dialogok"/>
			<pushbutton id="changestatus_2_2" label="キャンセル" mxevent="dialogcancel"/>
		</buttongroup>
	</dialog>

	<dialog id="viewtkt" label="チケットの表示" relationship="viewtkt">
		<table id="viewTickets_table1" label="チケット" width="960">
			<tablebody displayrowsperpage="20" id="viewTickets_workorders_ViewWO_tablebody">
				<tablecol dataattribute="ticketid" id="viewTickets_tablebody_1" menutype="hyperlink" showfilterfield="true" sortable="false"/>
				<tablecol dataattribute="class" id="viewTickets_tablebody_2" inputmode="readonly" showfilterfield="true" sortable="false"/>
				<tablecol dataattribute="description" id="viewTickets_tablebody_3" inputmode="readonly"/>
				<tablecol dataattribute="reportedby" id="viewTickets_tablebody_4" inputmode="readonly"/>
				<tablecol dataattribute="affectedperson" id="viewTickets_tablebody_5" inputmode="readonly"/>
				<tablecol dataattribute="status" id="viewTickets_tablebody_6" inputmode="readonly"/>
				<tablecol dataattribute="owner" id="viewTickets_tablebody_7" inputmode="readonly"/>
				<tablecol dataattribute="ownergroup" id="viewTickets_tablebody_8" inputmode="readonly"/>
				<tablecol dataattribute="historyflag" id="viewTickets_tablebody_9" inputmode="readonly"/>
			</tablebody>
		</table>
		<buttongroup id="viewTickets_buttongrp">
			<pushbutton default="true" id="viewTickets_button1" label="OK" mxevent="dialogclose"/>
		</buttongroup>
	</dialog>

	<dialog id="MLOCCOLLCT" label="ロケーション・コレクションの管理" width="850">
		<section border="true" id="mloccollct_grid1">
			<sectionrow id="mloccollct_grid1_11">
				<sectioncol id="mloccollct_grid1_11_1">
					<section id="mloccollct_grid1_11_1_1">
						<multiparttextbox dataattribute="location" descdataattribute="description" descinputmode="readonly" id="mloccollct_grid1_1"/>
					</section>
				</sectioncol>
			</sectionrow>
		</section>
		<table beanclass="psdi.webclient.beans.location.AddLocationToCollectionsBean" id="mloccollct_grid2_1_1" relationship="COLLECTDETAILS">
			<tablebody displayrowsperpage="10" filterexpanded="false" id="mloccollct_grid2_1_1_tablebody">
				<tablecol filterable="false" id="mloccollct_grid2_1_1_tablebody_1" mxevent="toggledetailstate" mxevent_desc="詳細の表示" sortable="false" type="event"/>
				<tablecol applink="collection" dataattribute="collectionnum" id="mloccollct_grid2_1_1_tablebody_2" lookup="collection" menutype="normal"/>
				<tablecol dataattribute="collections.description" id="mloccollct_grid2_1_1_tablebody_3" inputmode="readonly"/>
				<tablecol dataattribute="collections.isactive" id="mloccollct_grid2_1_1_tablebody_4" inputmode="readonly"/>
				<tablecol filterable="false" id="mloccollct_grid2_1_1_tablebody_5" mxevent="toggledeleterow" mxevent_desc="行を削除対象にマーク" mxevent_icon="btn_garbage.gif" sortable="false" type="event"/>
			</tablebody>
			<tabledetails id="mloccollct_grid2_1_1_1">
				<section id="mloccollct_grid2_1_1_1_grid3" label="詳細">
					<sectionrow id="mloccollct_grid2_1_1_1_grid3_i">
						<sectioncol id="mloccollct_grid2_1_1_1_grid3_i_1">
							<section id="mloccollct_grid2_1_1_1_grid3_i_1_1">
								<multiparttextbox applink="collection" dataattribute="collectionnum" descdataattribute="collections.description" descinputmode="readonly" id="mloccollct_grid2_1_1_1_grid3_1" lookup="collection" menutype="normal"/>
								<checkbox dataattribute="collections.isactive" id="mloccollct_grid2_1_1_1_grid3_2" inputmode="readonly"/>
							</section>
						</sectioncol>
					</sectionrow>
				</section>
			</tabledetails>
			<buttongroup id="mloccollct_buttons1_2">
				<pushbutton id="mloccollct_buttons_1_2_1" label="コレクションの選択" mxevent="selectcollections"/>
				<pushbutton default="true" id="mloccollct_buttons_1_2_2" label="新規行" mxevent="addrow"/>
			</buttongroup>
		</table>
		<buttongroup id="mloccollct_buttons_3">
			<pushbutton clickmessage="Collections have been managed." default="true" id="mloccollct_buttons_3_1" label="OK" mxevent="dialogok"/>
			<pushbutton id="mloccollct_buttons_3_2" label="キャンセル" mxevent="dialogcancel"/>
		</buttongroup>
	</dialog>

	<dialog beanclass="psdi.webclient.beans.meter.MeterReadingBean" id="metreset" label="計測値のリセット/置換" orderby="sequence" relationship="LOCATIONMETERCONTINUOUS" width="900">
		<helpgrid id="metreset_help" innerhtml="計測値をリセットした場合、または別の実計測値と置換した場合は、このアクションを使用します。"/>
		<section datasrc="MAINRECORD" id="metreset_bannergrid">
			<multiparttextbox dataattribute="location" defaultfocus="true" descdataattribute="description" id="metreset_bannergrid_1"/>
			<textbox dataattribute="siteid" id="metreset_bannergrid_3"/>
		</section>
		<table id="metreset_grid_outer_1_1_meter_read" label="計測値">
			<tablebody displayrowsperpage="10" filterable="true" id="metreset_grid_outer_1_1_meter_read_tablebody">
				<tablecol filterable="false" id="metreset_grid_outer_1_1_meter_read_tablebody_1" mxevent="toggledetailstate" mxevent_desc="詳細の表示" sortable="false" type="event"/>
				<tablecol dataattribute="metername" id="metreset_grid_outer_1_1_meter_read_tablebody_2" linkedcontrolid="tabledetails_1_metername" sortable="true"/>
				<tablecol dataattribute="SINCELASTREPAIRNEW" id="metreset_grid_outer_1_1_meter_read_tablebody_3" linkedcontrolid="tabledetails_section_2_1_rwattr1" sortable="false"/>
				<tablecol dataattribute="SINCELASTOVERHAULNEW" id="metreset_grid_outer_1_1_meter_read_tablebody_4" linkedcontrolid="tabledetails_section_2_1_rwattr2" sortable="false"/>
				<tablecol dataattribute="SINCELASTINSPECTNEW" id="metreset_grid_outer_1_1_meter_read_tablebody_5" linkedcontrolid="tabledetails_section_2_1_rwattr3" sortable="false"/>
				<tablecol dataattribute="SINCEINSTALLNEW" id="metreset_grid_outer_1_1_meter_read_tablebody_6" linkedcontrolid="tabledetails_section_2_1_rwattr4" sortable="false"/>
				<tablecol dataattribute="ROLLOVERNEW" id="metreset_grid_outer_1_1_meter_read_tablebody_8" linkedcontrolid="tabledetails_section_2_1_rwattr5" sortable="false"/>
			</tablebody>
			<tabledetails id="tabledetails_1">
				<section id="tabledetails_section_1" label="詳細">
					<sectionrow id="tabledetails_section_1_row1">
						<sectioncol id="tabledetails_section_1_col1">
							<section id="tabledetails_section_1_col1_section_1">
								<textbox applink="meter" dataattribute="metername" defaultfocus="true" id="tabledetails_1_metername" lookup="meter" menutype="normal" title="Meter Name"/>
							</section>
						</sectioncol>
						<sectioncol id="tabledetails_section_1_col2">
							<section id="tabledetails_section_1_col2_section_1">
								<textbox dataattribute="METER.description" id="tabledetails_1_meterdesc" inputmode="readonly" longdescreadonly="true" lookup="longdesc" title="Meter Description"/>
							</section>
						</sectioncol>
						<sectioncol id="tabledetails_section_1_col3">
							<section id="tabledetails_section_1_col3_section_1">
								<textbox dataattribute="METER.metertype" id="tabledetails_1_metertype" inputmode="readonly" title="Meter Type"/>
							</section>
						</sectioncol>
					</sectionrow>
				</section>
				<section id="tabledetails_section_2">
					<sectionrow id="tabledetails_section_2_row1">
						<sectioncol id="tabledetails_section_2_col1">
							<section height="110" id="tabledetails_section_2_2" label="値のリセット">
								<textbox dataattribute="sincelastrepairNEW" id="tabledetails_section_2_1_rwattr1"/>
								<textbox dataattribute="sincelastoverhaulNEW" id="tabledetails_section_2_1_rwattr2"/>
								<textbox dataattribute="sincelastinspectNEW" id="tabledetails_section_2_1_rwattr3"/>
								<textbox dataattribute="sinceinstallNEW" id="tabledetails_section_2_1_rwattr4"/>
								<textbox dataattribute="rolloverNEW" id="tabledetails_section_2_1_rwattr5"/>
								<textbox dataattribute="averageNEW" id="tabledetails_section_2_1_rwattr6"/>
								<textbox dataattribute="LastReadingNEW" id="tabledetails_section_2_1_rwattr7"/>
								<textbox dataattribute="LastReadingDateNEW" id="tabledetails_section_2_1_rwattr8" lookup="datelookup"/>
								<textbox applink="person" dataattribute="LastReadingInspctrNEW" id="tabledetails_section_2_1_rwattr9" lookup="person" menutype="normal"/>
							</section>
						</sectioncol>
						<sectioncol id="tabledetails_section_2_col2">
							<section height="110" id="tabledetails_section_2_1" label="現在の値">
								<textbox dataattribute="sincelastrepair" id="tabledetails_section_2_2_readonlyattr1" inputmode="readonly"/>
								<textbox dataattribute="sincelastoverhaul" id="tabledetails_section_2_2_readonlyattr2" inputmode="readonly"/>
								<textbox dataattribute="sincelastinspect" id="tabledetails_section_2_2_readonlyattr3" inputmode="readonly"/>
								<textbox dataattribute="sinceinstall" id="tabledetails_section_2_2_readonlyattr4" inputmode="readonly"/>
								<textbox dataattribute="rollover" id="tabledetails_section_2_2_readonlyattr5" inputmode="readonly"/>
								<textbox dataattribute="average" id="tabledetails_section_2_2_readonlyattr6" inputmode="readonly" title="Average"/>
								<textbox dataattribute="LastReading" id="tabledetails_section_2_2_readonlyattr7" inputmode="readonly"/>
								<textbox dataattribute="LastReadingDate" id="tabledetails_section_2_2_readonlyattr8" inputmode="readonly"/>
								<textbox dataattribute="LastReadingInspctr" id="tabledetails_section_2_2_readonlyattr9" inputmode="readonly"/>
							</section>
						</sectioncol>
					</sectionrow>
				</section>
			</tabledetails>
		</table>
		<buttongroup id="metreset_2">
			<pushbutton default="true" id="metreset_2_1" label="OK" mxevent="dialogok"/>
			<pushbutton id="metreset_2_2" label="キャンセル" mxevent="dialogcancel"/>
		</buttongroup>
	</dialog>

	<dialog id="viewhist" label="履歴の表示">
		<section border="true" id="viewstatushist_grid1">
			<multiparttextbox dataattribute="location" defaultfocus="true" descdataattribute="description" descinputmode="readonly" id="viewstatushist_grid1_1"/>
			<textbox dataattribute="siteid" id="viewstatushist_grid1_3"/>
		</section>
		<table id="viewstatushist_statushisttable" label="ステータス履歴" orderby="changedate desc" relationship="locstatus">
			<tablebody displayrowsperpage="20" filterable="true" filterexpanded="false" id="viewstatushist_statushisttable_tablebody">
				<tablecol dataattribute="status" id="viewstatushist_statushisttable_tablebody_1"/>
				<tablecol dataattribute="changedate" id="viewstatushist_statushisttable_tablebody_2" showfilterfield="true"/>
				<tablecol dataattribute="changeBy" id="viewstatushist_statushisttable_tablebody_3" showfilterfield="true"/>
				<tablecol dataattribute="memo" id="viewstatushist_statushisttable_tablebody_4"/>
			</tablebody>
		</table>
		<buttongroup id="viewstatushist_2">
			<pushbutton default="true" id="viewstatushist_2_1" label="OK" mxevent="dialogclose"/>
		</buttongroup>
	</dialog>

	<dialog beanclass="psdi.webclient.beans.location.WorkorderBean" id="CREATEWO" label="作業指示書の作成" relationship="ALLWO">
		<section datasrc="MAINRECORD" id="createwo_sec">
			<multiparttextbox dataattribute="location" defaultfocus="true" descdataattribute="description" descinputmode="readonly" id="createwo_sec_1"/>
		</section>
		<section id="createwo_sec_sec2">
			<textbox dataattribute="wonum" id="createwo_sec_sec2_1"/>
			<textbox dataattribute="wopriority" id="createwo_sec_3"/>
			<textbox dataattribute="reportedbyid" id="createwo_sec_sec2_2" lookup="person"/>
			<textbox dataattribute="reportdate" id="createwo_sec_sec2_4"/>
			<textbox dataattribute="description" id="createwo_sec_sec2_5" lookup="longdesc"/>
			<multilinetextbox columns="37" dataattribute="description_longdescription" id="createwo_sec_sec2_6" rows="4"/>
			<multiparttextbox applink="location,ipc" dataattribute="REPAIRFACILITY" descdataattribute="REPAIRFACILITY.description" descinputmode="readonly" id="createwo_sec_sec3_1" longdescreadonly="true" lookup="repfacility" menutype="repfacility" sigoption="REPFACILITY"/>
			<textbox dataattribute="REPFACSITEID" id="createwo_sec_sec3_2" inputmode="readonly" sigoption="REPFACILITY"/>
		</section>
		<buttongroup id="createwo_buttongrp">
			<pushbutton default="true" id="createwo_2_2" label="OK" mxevent="dialogok"/>
			<pushbutton id="createwo_2_3" label="キャンセル" mxevent="dialogcancel"/>
		</buttongroup>
	</dialog>

	<dialog beanclass="psdi.webclient.beans.location.LocationChangeStatusBean" id="list_locstatus" label="ステータスの変更" relationship="LOCCHANGESTATUS" savemode="ONUNLOAD">
		<section id="list_changestatus_grid1_1_1_grid4">
			<combobox dataattribute="status" id="list_changestatus_grid1_1_1_grid4_1"/>
			<textbox dataattribute="asofdate" id="list_changestatus_grid1_1_1_grid4_2" inputmode="readonly" lookup="datelookup" title="Date"/>
			<textbox dataattribute="memo" id="list_changestatus_grid1_1_1_grid4_3"/>
			<checkbox dataattribute="rolltoallchildren" id="list_changestatus_grid1_1_1_grid4_4"/>
			<checkbox dataattribute="rolltoallequipment" id="list_changestatus_grid1_1_1_grid4_5"/>
			<checkbox dataattribute="removefromalljp" id="list_changestatus_grid1_1_1_grid4_6"/>
			<checkbox dataattribute="removefromallroutes" id="list_changestatus_grid1_1_1_grid4_7"/>
			<checkbox dataattribute="removefromactivesp" id="list_changestatus_grid1_1_1_grid4_8"/>
			<checkbox dataattribute="changepmstatus" id="list_changestatus_grid1_1_1_grid4_9"/>
		</section>
		<buttongroup id="list_changestatus_2">
			<pushbutton default="true" id="list_changestatus_2_1" label="OK" mxevent="dialogok"/>
			<pushbutton id="list_changestatus_2_2" label="キャンセル" mxevent="dialogcancel"/>
		</buttongroup>
	</dialog>

	<dialog id="astloccomm" label="サービスの関連付け" relationship="ASSETLOCCOMM">
		<section datasrc="MAINRECORD" id="astloccomm_bannergrid">
			<multiparttextbox dataattribute="location" defaultfocus="true" descdataattribute="description" descinputmode="readonly" id="assetloccomm_bannergrid_1"/>
			<textbox dataattribute="siteid" id="assetloccomm_bannergrid_3"/>
		</section>
		<section id="assetloccomm_grid1">
			<sectionrow id="assetloccomm_grid1_1">
				<sectioncol id="assetloccomm_grid1_1_1">
					<table id="assetloccomm_grid1_1_1_AssetLocCommTable" label="サービス">
						<tablebody displayrowsperpage="20" filterable="true" id="assetloccomm_grid1_1_1_AssetLocCommTable_tablebody">
							<tablecol filterable="false" id="assetloccomm_grid1_1_1_AssetLocCommTable_tablebody_1" mxevent="toggledetailstate" mxevent_desc="詳細の表示" sortable="false" type="event"/>
							<tablecol dataattribute="commoditygroup" id="assetloccomm_grid1_1_1_AssetLocCommTable_tablebody_2" label="サービス・グループ" lookup="commodities" menutype="normal" sortable="true"/>
							<tablecol dataattribute="COMMODITYGROUPS.description" id="assetloccomm_grid1_1_1_AssetLocCommTable_tablebody_21" inputmode="readonly" sortable="true"/>
							<tablecol dataattribute="commodity" id="assetloccomm_grid1_1_1_AssetLocCommTable_tablebody_3" label="サービス" lookup="commodities" sortable="true"/>
							<tablecol dataattribute="COMMODITIES.description" id="assetloccomm_grid1_1_1_AssetLocCommTable_tablebody_4" inputmode="readonly" sortable="true"/>
							<tablecol dataattribute="COMMODITYGROUPS.servicetype" id="assetloccomm_grid1_1_1_AssetLocCommTable_tablebody_5" inputmode="readonly" label="タイプ" sortable="true"/>
							<tablecol filterable="false" id="assetloccomm_grid1_1_1_AssetLocCommTable_tablebody_7" mxevent="toggledeleterow" mxevent_desc="行を削除対象にマーク" mxevent_icon="btn_garbage.gif" sortable="false" type="event"/>
						</tablebody>
						<tabledetails id="assetloccomm_grid1_1_1_AssetLocCommTable_1">
							<section id="assetloccomm_grid1_1_1_AssetLocCommTable_1_3" label="詳細">
								<multiparttextbox dataattribute="commoditygroup" defaultfocus="true" descdataattribute="COMMODITYGROUPS.description" descinputmode="readonly" id="assetloccomm_grid1_1_1_AssetLocCommTable_1_3_1" label="サービス・グループ" lookup="commodities" menutype="normal"/>
								<multiparttextbox dataattribute="commodity" descdataattribute="COMMODITIES.description" descinputmode="readonly" id="assetloccomm_grid1_1_1_AssetLocCommTable_1_3_2" label="サービス" lookup="commodities"/>
								<textbox dataattribute="COMMODITYGROUPS.servicetype" id="assetloccomm_grid1_1_1_AssetLocCommTable_1_3_4" inputmode="readonly"/>
							</section>
						</tabledetails>
						<buttongroup id="assetloccomm_grid1_1_1_AssetLocCommTable_2">
							<pushbutton default="true" id="assetloccomm_grid1_1_1_AssetLocCommTable_2_1" label="新規行" mxevent="addrow"/>
						</buttongroup>
					</table>
				</sectioncol>
			</sectionrow>
		</section>
		<buttongroup id="assetloccomm_2">
			<pushbutton default="true" id="assetloccomm_2_1" label="OK" mxevent="dialogok"/>
			<pushbutton id="assetloccomm_2_2" label="キャンセル" mxevent="dialogcancel"/>
		</buttongroup>
	</dialog>

	<dialog beanclass="psdi.webclient.beans.location.TicketBean" id="createsr" label="SR の作成" relationship="SRLOC">
		<section datasrc="MAINRECORD" id="createsr_sec">
			<multiparttextbox dataattribute="location" defaultfocus="true" descdataattribute="description" descinputmode="readonly" id="createsr_sec_1"/>
		</section>
		<section id="createsr_sec_sec2">
			<textbox dataattribute="ticketid" id="createsr_sec_sec2_1"/>
			<textbox dataattribute="reportedpriority" id="createsr_sec_3"/>
			<textbox dataattribute="reportedbyid" id="createsr_sec_sec2_2" lookup="person"/>
			<textbox dataattribute="affectedpersonid" id="createsr_sec_sec2_3" lookup="person"/>
			<textbox dataattribute="reportdate" id="createsr_sec_sec2_4"/>
			<textbox dataattribute="description" id="createsr_sec_sec2_5" lookup="longdesc"/>
			<multilinetextbox columns="37" dataattribute="description_longdescription" id="createsr_sec_sec2_6" rows="4"/>
		</section>
		<buttongroup id="createsr_buttongrp">
			<pushbutton default="true" id="createsr_2_2" label="OK" mxevent="dialogok"/>
			<pushbutton id="createsr_2_3" label="キャンセル" mxevent="dialogcancel"/>
		</buttongroup>
	</dialog>

	<dialog beanclass="psdi.webclient.beans.location.WorkorderBean" id="CREATEREL" label="リリースの作成" relationship="WORELEASELOC">
		<section datasrc="MAINRECORD" id="createrel_sec">
			<multiparttextbox dataattribute="location" defaultfocus="true" descdataattribute="description" descinputmode="readonly" id="createrel_sec_1"/>
		</section>
		<section id="createrel_sec_sec2">
			<textbox dataattribute="wonum" id="createrel_sec_sec2_1"/>
			<textbox dataattribute="wopriority" id="createrel_sec_3"/>
			<textbox dataattribute="reportedbyid" id="createrel_sec_sec2_2" lookup="person"/>
			<textbox dataattribute="reportdate" id="createrel_sec_sec2_4"/>
			<textbox dataattribute="description" id="createrel_sec_sec2_5" lookup="longdesc"/>
			<multilinetextbox columns="37" dataattribute="description_longdescription" id="createrel_sec_sec2_6" rows="4"/>
		</section>
		<buttongroup id="createrel_buttongrp">
			<pushbutton default="true" id="createrel_2_2" label="OK" mxevent="dialogok"/>
			<pushbutton id="createrel_2_3" label="キャンセル" mxevent="dialogcancel"/>
		</buttongroup>
	</dialog>
	<configurationblock id="datastore_configurationblock">
	</configurationblock>
</presentation>
