<?xml version="1.0" encoding="UTF-8"?>

<presentation apphelp="com.ibm.mbs.doc,createsr/c_create_sr_app.html" beanclass="psdi.webclient.beans.servicedesk.CreateSRSSAppBean" id="ex_crtsr" ismobile="false" mboname="SR" version="7.1.0.0">
	<page id="mainrec" scroll="false">
		<include controltoclone="selfServicePageHeader" id="INCLUDE-selfServicePageHeader"/>
		<clientarea id="clientarea">
			<appbar id="ex01"/>
			<tabgroup format="carddeck" id="maintabs">
				<tab default="true" id="results">
					<section id="1554426793306">
						<sectionrow id="1554426818669">
							<sectioncol id="1554426826107">
								<section id="1554426845493">
									<textbox dataattribute="TICKETID" id="1554427000761" inputmode="readonly" label="作業依頼" size="15"/>
									<textbox dataattribute="DESCRIPTION" id="1560735815214" inputmode="required" label="依頼件名"/>
								</section>
							</sectioncol>
							<sectioncol id="1554426831151">
								<section id="1554426849573">
									<textbox dataattribute="STATUS" id="1558424763682"/>
									<textbox dataattribute="ISKNOWNERRORDATE" id="1585018504800" inputmode="required" label="発生日" lookup="DATELOOKUP"/>
								</section>
							</sectioncol>
							<sectioncol id="1554426835260">
								<section id="1554426855293">
									<textbox dataattribute="SITEID" id="1554427200806" inputmode="readonly" size="15"/>
								</section>
							</sectioncol>
							<sectioncol id="1554426839511"/>
							<sectioncol id="1554426818743"/>
						</sectionrow>
					</section>
					<section border="true" id="main_grid1" label="ユーザー情報">
						<sectionrow id="main_grid1_1">
							<sectioncol id="main_grid1_1_1_grid1">
								<section id="main_grid1_1_1_grid2">
									<multiparttextbox applink="PERSON" dataattribute="REPORTEDBY" descdataattribute="EX_PERSON01.DISPLAYNAME" descinputmode="readonly" id="1558500228338" lookup="PERSON"/>
									<textbox dataattribute="EX_PERSONGROUPVIEW01.EX_PERSONGROUP01.DESCRIPTION" id="1554429785216" inputmode="readonly" label="報告者部署"/>
									<textbox dataattribute="REPORTDATE" id="1558505989197" inputmode="readonly"/>
								</section>
							</sectioncol>
						</sectionrow>
					</section>
					<section id="createsr_grid2" label="作業依頼の詳細">
						<section id="1554430830796">
							<sectionrow id="1554430835436">
								<sectioncol id="1554430854340">
									<multiparttextbox applink="EX_LOC" dataattribute="EX_LOCATIONS01.LOCATION" descdataattribute="EX_LOCATIONS01.DESCRIPTION" descinputmode="readonly" desclookup="NONE" id="1585120026633" inputmode="readonly" label="上位ロケーション"/>
									<multiparttextbox applink="EX_LOC" dataattribute="LOCATION" descdataattribute="LOCATION.DESCRIPTION" descinputmode="readonly" desclookup="NONE" id="1554430878108" inputmode="required" lookup="ex_locations" menutype="LOCATIONS"/>
								</sectioncol>
								<sectioncol id="15544308354362"/>
							</sectionrow>
							<sectionrow id="1554430846404">
								<sectioncol id="1554430858372">
									<multiparttextbox applink="EX_ASSET" dataattribute="ASSETNUM" descdataattribute="ASSET.DESCRIPTION" descinputmode="readonly" desclookup="NONE" id="1554430882092" label="機器" lookup="USERCUST" menutype="ASSETMAIN"/>
								</sectioncol>
								<sectioncol id="15544308464042"/>
							</sectionrow>
							<sectionrow id="1554430850371">
								<sectioncol id="1554430861935">
									<textbox dataattribute="ASSET.CLASSSTRUCTURE.HIERARCHYPATH" id="1562117046066" inputmode="readonly" label="分類パス"/>
								</sectioncol>
								<sectioncol id="15544308503712"/>
							</sectionrow>
						</section>
						<section id="1554431722542">
							<sectionrow id="1558500612385">
								<sectioncol id="1558500612400">
									<multilinetextbox columns="70" dataattribute="EX_SRDETAIL" id="1558501440900" inputmode="required" rows="14"/>
								</sectioncol>
								<sectioncol id="1558500612401">
									<table beanclass="psdi.webclient.beans.doclinks.DocLinksBean" description="下のボタンのいずれかをクリックすると、サービス要求に添付ファイルが追加されます。" id="attachments" inputmode="readonly" label="添付" orderby="ownertable, doctype" relationship="DOCLINKS">
										<tablebody displayrowsperpage="5" filterable="false" filterexpanded="false" id="attachments_tablebody_1">
											<tablecol dataattribute="doctype" id="attachments_tablecol_1"/>
											<tablecol dataattribute="document" id="attachments_tablecol_2" type="openurl" urlattribute="weburl"/>
											<tablecol dataattribute="docinfo.description" id="attachments_tablecol_3"/>
											<tablecol filterable="false" id="attachments_tablecol_4" mxevent="toggledeleterow" mxevent_desc="行を削除対象にマーク" mxevent_icon="btn_garbage.gif" sortable="false" type="event"/>
										</tablebody>
										<buttongroup id="attachments_buttongroup_1">
											<pushbutton id="attachments_pushbutton_1" label="ファイルの添付" mxevent="ex_ssaddnewattachmentfile"/>
										</buttongroup>
									</table>
								</sectioncol>
							</sectionrow>
						</section>
						<section id="1557822754228">
							<sectionrow id="1557822684525">
								<sectioncol id="15578226845252">
									<defaultvalue dataattribute="EX_WORKTYPE" defaulttype="insert" id="1607044627827" value="BM"/>
									<multiparttextbox dataattribute="EX_WORKTYPE" descdataattribute="EX_WORKTYPE01.WTYPEDESC" descinputmode="readonly" id="1557822702541" label="ワークタイプ" lookup="worktype"/>
								</sectioncol>
								<sectioncol id="15578226845253">
									<multiparttextbox dataattribute="EX_SRPRIORITY" descdataattribute="EX_ALNDOMAIN01.DESCRIPTION" descinputmode="readonly" id="1557822705182" inputmode="required" label="優先度" lookup="valuelist"/>
								</sectioncol>
							</sectionrow>
						</section>
						<section id="1554432324806">
							<multiparttextbox applink="EX_PERSONGR" dataattribute="EX_REQUESTDEPT" descdataattribute="EX_PERSONGROUP01.DESCRIPTION" descinputmode="readonly" desclookup="NONE" id="1585018895974" inputmode="required" lookup="EX_WOPERSONGROUP" menutype="NORMAL"/>
						</section>
					</section>
					<section id="createsrbuttonrow">
						<buttongroup id="buttonrow">
							<pushbutton default="true" id="attachments_1" label="作成" mxevent="saverecord"/>
							<pushbutton id="attachments_2" label="キャンセル" mxevent="startcenter" targetid="createsr"/>
						</buttongroup>
					</section>
				</tab>
			</tabgroup>
		</clientarea>
		<include controltoclone="pageFooter" id="INCLUDE-pageFooter"/>
	</page>

	<dialog allowcancel="false" datasrc="MAINRECORD" id="srsubmit" label="送信されたサービス要求">
		<section id="main_grid1_sectionheader">
			<statictext align="center" id="main_grid1_sec_params" label="ワークリクエスト {0} が送信されました。">
				<paramvalues id="main_grid1_sec_param_1" property="label">
					<paramvalue dataattribute="ticketid" id="main_grid1_sec_param_1_A" position="0"/>
				</paramvalues>
			</statictext>
		</section>
		<buttongroup id="srsubmit_grid1_2">
			<pushbutton id="srsubmit_2_2" label="スタート・センターに戻る" mxevent="startcenter" targetid="createsr"/>
			<pushbutton id="srsubmit_2_3" label="別のサービス要求の作成" mxevent="newrecord"/>
		</buttongroup>
	</dialog>
	<configurationblock id="datastore_configurationblock">
	</configurationblock>
</presentation>
