<?xml version="1.0" encoding="UTF-8"?>

<presentation apphelp="com.ibm.mbs.doc,pr/c_pr_pr_application.html" beanclass="jp.co.exa_corp.webclient.beans.pr.ExPRAppBean" id="ex_pr" ismobile="false" mboname="PR" resultstableid="results_showlist" version="7.1.0.0">
	<page id="mainrec" scroll="false">
		<defaultvalue dataattribute="EX_PERSONGROUP" defaulttype="insert" fromattribute="EX_PERSONGROUP01.PERSONGROUP" fromdatasrc="mainrecord" id="1559622113854"/>
		<include controltoclone="pageHeader" id="INCLUDE-pageHeader"/>
		<clientarea id="clientarea">
			<tabgroup id="maintabs" style="form">
				<tab default="true" id="results" label="一覧" type="list">
					<menubar event="search" id="actiontoolbar" sourcemethod="getAppSearchOptions"/>
					<table datasrc="results_showlist" id="results_showlist" inputmode="readonly" label="購買要求書" mboname="PR" orderby="issuedate desc" selectmode="multiple">
						<tablebody displayrowsperpage="20" filterable="true" filterexpanded="true" id="results_showlist_tablebody">
							<tablecol dataattribute="prnum" filterable="false" id="results_showlist_tablebody_1" mxevent="toggleselectrow" mxevent_desc="行 {0} の選択" sortable="false" type="event"/>
							<tablecol dataattribute="prnum" id="results_showlist_tablebody_2" mxevent="selectrecord" mxevent_desc="%1 へ移動" type="link"/>
							<tablecol dataattribute="description" id="results_showlist_tablebody_3"/>
							<tablecol dataattribute="status" id="results_showlist_tablebody_4" linkedcontrolid="qbe_grid2_1_1_grid3_3"/>
							<tablecol dataattribute="EX_PURCHASEDIV" id="1608974881567" lookup="valuelist"/>
							<tablecol dataattribute="EX_PERSON01.DISPLAYNAME" id="1564539271991" label="要求者" width="100"/>
							<tablecol dataattribute="requireddate" id="results_showlist_tablebody_7" label="納入希望日" lookup="datelookup" width="100"/>
							<tablecol applink="ex_wotr" dataattribute="EX_WONUM" id="1563324270322" lookup="workorder" menutype="normal" synchronous="false"/>
							<tablecol applink="VIEWDR" dataattribute="ex_mrnum" id="1613292660273" menutype="normal"/>
							<tablecol dataattribute="PRETAXTOTAL" id="1564537905863"/>
							<tablecol dataattribute="TOTALTAX1" id="1564537903113"/>
							<tablecol dataattribute="TOTALCOST" id="results_showlist_tablebody_8" label="合計"/>
							<tablecol dataattribute="COMPANIES.NAME" id="1608975042183" label="企業" width="180"/>
							<tablecol dataattribute="siteid" id="results_showlist_tablebody_9" linkedcontrolid="qbe_grid2_1_1_grid3_4"/>
							<tablecol filterable="false" id="results_bookmark" mxevent="BOOKMARK" mxevent_desc="ブックマークに追加" mxevent_icon="btn_addtobookmarks.gif" sortable="false" type="event"/>
						</tablebody>
					</table>
				</tab>
				<tab id="main" label="購買要求書" type="insert">
					<section border="true" id="main_grid1">
						<sectionrow id="main_grid1_row1">
							<sectioncol id="main_grid1_row1_col1">
								<section id="main_grid1a">
									<multiparttextbox dataattribute="prnum" descdataattribute="description" desclookup="none" id="main_grid1_1" inputmode="readonly" longdescription="true"/>
									<textbox dataattribute="EX_PURCHASEDIV" id="1563255111607" inputmode="required" lookup="valuelist" size="18" synchronous="true"/>
								</section>
							</sectioncol>
							<sectioncol id="main_grid1_row1_col3">
								<section id="main_grid1c">
									<textbox dataattribute="siteid" id="main_grid1_4"/>
									<textbox dataattribute="status" id="main_grid1_3"/>
								</section>
							</sectioncol>
							<sectioncol id="1568079945259">
								<section border="false" id="main_attachments">
									<table beanclass="psdi.webclient.beans.doclinks.DocLinksBean" description="下のボタンのいずれかをクリックすると、添付ファイルが追加されます。" id="attachments_table" inputmode="readonly" label="添付" orderby="ownertable, doctype" relationship="DOCLINKS">
										<tablebody displayrowsperpage="3" id="attachments_tablebody">
											<tablecol dataattribute="doctype" id="attachments_tablecol_1"/>
											<tablecol dataattribute="document" id="attachments_tablecol_2" type="openurl" urlattribute="weburl"/>
											<tablecol dataattribute="docinfo.description" id="attachments_tablecol_3"/>
											<tablecol filterable="false" id="attachments_tablecol_4" mxevent="toggledeleterow" mxevent_desc="行を削除対象にマーク" mxevent_icon="btn_garbage.gif" sortable="false" type="event"/>
										</tablebody>
										<buttongroup id="attachments_buttongroup">
											<pushbutton id="attachments_pushbutton_1" label="ファイルの添付" mxevent="ex_ssaddnewattachmentfile"/>
										</buttongroup>
										<tabledetails id="attachments_tabledetails"/>
									</table>
								</section>
							</sectioncol>
							<sectioncol id="main_grid1_row1_col4"/>
						</sectionrow>
					</section>
					<section id="main_grid2">
						<blankline id="1606447494701"/>
						<sectionrow id="main_grid2_row1">
							<sectioncol id="1558497796885">
								<section id="1558442577135" label="詳細">
									<sectionrow id="1558442584119">
										<sectioncol id="15584425841192">
											<multiparttextbox dataattribute="REQUESTEDBY" descdataattribute="EX_PERSON01.DiSPLAYNAME" descinputmode="readonly" desclookup="none" id="1558442666010" lookup="person"/>
											<multiparttextbox dataattribute="EX_PERSONGROUP" descdataattribute="EX_PERSONGROUP02.DESCRIPTION" descinputmode="readonly" desclookup="none" id="1559620712400" inputmode="required" label="要求者部署" lookup="PERSONGROUP"/>
											<textbox dataattribute="EX_DELIVERYPOINT" id="1603258005061"/>
											<textbox dataattribute="requireddate" id="1558440938353" label="納入希望日" lookup="datelookup"/>
										</sectioncol>
									</sectionrow>
								</section>
							</sectioncol>
							<sectioncol id="1558497808791">
								<section id="1558497811979" label="更新情報">
									<sectionrow id="1558497821869">
										<sectioncol id="1558497821885">
											<textbox dataattribute="issuedate" id="1558442768619" label="入力日" lookup="datelookup"/>
											<textbox dataattribute="statusdate" id="main_grid2b_1"/>
											<multiparttextbox dataattribute="CHANGEBY" descdataattribute="EX_PERSON02.DiSPLAYNAME" descinputmode="readonly" desclookup="none" id="1558442818650" inputmode="readonly" label="更新者"/>
											<textbox dataattribute="changedate" id="main_grid2b_2" inputmode="readonly" label="更新日"/>
										</sectioncol>
									</sectionrow>
								</section>
							</sectioncol>
							<sectioncol id="main_grid2_row1_col3">
								<section id="main_grid2c" label="コスト">
									<textbox dataattribute="pretaxtotal" id="main_grid2c_1" size="14"/>
									<textbox dataattribute="TOTALTAX1" id="1586824336578" size="14"/>
									<textbox dataattribute="TOTALCOST" id="main_grid2c_2" size="14"/>
								</section>
							</sectioncol>
							<sectioncol id="1564727754368">
								<section id="1564727768359" label="関連するレコード">
									<checkbox dataattribute="EX_FROMWO" id="1577258757512" inputmode="readonly"/>
									<textbox applink="EX_WOTR" dataattribute="EX_WONUM" id="1606723413500" inputmode="readonly" menutype="NORMAL"/>
									<checkbox dataattribute="EX_FROMMR" id="1577258754481" inputmode="readonly"/>
									<textbox applink="VIEWDR" dataattribute="EX_MRNUM" id="1564727803817" inputmode="readonly" menutype="NORMAL"/>
									<textbox applink="EX_PO" dataattribute="EX_PONUM" id="1564727801566" inputmode="readonly" label="注文書" menutype="NORMAL"/>
								</section>
							</sectioncol>
						</sectionrow>
					</section>
					<section id="1564131661097">
						<blankline id="1564543818111"/>
						<sectionrow id="1564131667188">
							<sectioncol id="1603332791196">
								<section id="main_grid2a" label="契約">
									<textbox applink="EX_CONTPURCH" dataattribute="contractrefnum" id="main_grid2c_6" label="契約" lookup="contractauth" menutype="normal" movetoattribute="contractrefnum" movetoresultset="pr" synchronous="true"/>
									<textbox dataattribute="contractref.contracttype" id="main_grid2c_7" inputmode="readonly"/>
									<textbox dataattribute="contractrefrev" id="main_grid2c_8"/>
								</section>
							</sectioncol>
							<sectioncol id="1564131671294">
								<section id="main_grid3a" label="企業">
									<sectionrow id="1606446506716">
										<sectioncol id="1606446509637">
											<multiparttextbox applink="EX_COMPANY" applinkkey="company" dataattribute="vendor" descdataattribute="COMPANIES.name" descinputmode="readonly" desclookup="none" id="mainsection_3_col1_1" longdescreadonly="true" lookup="companies" menutype="normal"/>
											<textbox dataattribute="companies.address1" id="main_grid3a_1" inputmode="readonly"/>
											<textbox dataattribute="companies.address2" id="main_grid3a_2" inputmode="readonly" title="City:"/>
											<textbox dataattribute="companies.address3" id="main_grid3a_3" inputmode="readonly" title="State:"/>
											<textbox dataattribute="companies.address4" id="main_grid3a_4" inputmode="readonly" title="ZIP/Postal Code:"/>
										</sectioncol>
										<sectioncol id="16064465067162">
											<textbox dataattribute="EX_COMPCONTACT01.CONTACT" id="1564642260155" inputmode="readonly" label="担当者(代表)"/>
											<textbox dataattribute="EX_COMPCONTACT01.VOICEPHONE" id="main_grid3a_6" inputmode="readonly"/>
											<textbox dataattribute="EX_COMPCONTACT01.FAXPHONE" hidelabel="false" id="1564540728247" inputmode="readonly" label="ファックス番号"/>
											<textbox dataattribute="EX_COMPCONTACT01.EMAIL" id="1564642265941" inputmode="readonly"/>
										</sectioncol>
									</sectionrow>
								</section>
							</sectioncol>
						</sectionrow>
					</section>
				</tab>
				<tab id="prlines" label="購買要求書明細">
					<section border="true" id="prlines_grid1">
						<section id="1581662652095">
							<sectionrow id="1581662656038">
								<sectioncol id="1581662661069">
									<section id="prlines_grid1a">
										<multiparttextbox dataattribute="prnum" descdataattribute="description" descinputmode="readonly" desclookup="none" id="prlines_grid1a_1" inputmode="readonly"/>
										<textbox dataattribute="EX_PURCHASEDIV" id="1584077222780" inputmode="readonly" lookup="valuelist" size="18" synchronous="true"/>
									</section>
								</sectioncol>
								<sectioncol id="1581662663334">
									<section id="15645438333142">
										<textbox dataattribute="siteid" id="prlines_grid1c_2"/>
										<textbox dataattribute="status" id="15645438333144"/>
										<checkbox dataattribute="EX_FROMWO" id="1577258822168" inputmode="readonly"/>
										<checkbox dataattribute="EX_FROMMR" id="1577258820430" inputmode="readonly"/>
									</section>
								</sectioncol>
								<sectioncol id="1581662667032">
									<section id="1564543525002">
										<textbox dataattribute="PRETAXTOTAL" id="prlines_grid1a_2" inputmode="readonly" size="14"/>
										<textbox dataattribute="TOTALTAX1" id="1586824360805" inputmode="readonly" size="14"/>
										<textbox dataattribute="TOTALCOST" id="1564543313944" inputmode="readonly" size="14"/>
									</section>
								</sectioncol>
								<sectioncol id="15816626560382"/>
							</sectionrow>
						</section>
					</section>
					<table beanclass="psdi.webclient.beans.pr.PRLinesTableBean" id="prlines_prlines_table" label="購買要求書明細" listeners="specification_pdspectable" orderby="prlinenum" relationship="PRLINE">
						<defaultvalue dataattribute="CONVERSION" defaulttype="insert" id="1562917886340" value="1"/>
						<defaultvalue dataattribute="EX_VENDELIVERYDATE" defaulttype="insert" fromattribute="REQUIREDDATE" fromdatasrc="mainrecord" id="1562917680858"/>
						<defaultvalue dataattribute="LINETYPE" defaulttype="insert" fromattribute="EX_PURCHASEDIV" fromdatasrc="mainrecord" id="1581048318275"/>
						<tablebody displayrowsperpage="6" filterable="true" id="prlines_prlines_table_tablebody">
							<tablecol filterable="false" id="prlines_prlines_table_tablebody_1" mxevent="toggledetailstate" mxevent_desc="詳細の表示" sortable="false" type="event"/>
							<tablecol dataattribute="prlinenum" id="prlines_prlines_table_tablebody_2" linkedcontrolid="prlines_grid2a_1" sigoptiondatasrc="mainrecord" sortable="true"/>
							<tablecol dataattribute="itemnum" id="prlines_prlines_table_tablebody_3" lookup="item" menutype="normal" sigoptiondatasrc="mainrecord" width="125"/>
							<tablecol dataattribute="description" id="prlines_prlines_table_tablebody_4" lookup="none" sigoptiondatasrc="mainrecord"/>
							<tablecol dataattribute="orderqty" id="prlines_prlines_table_tablebody_5" label="必要数量" linkedcontrolid="prlines_grid3a_2" sigoptiondatasrc="mainrecord" sortable="true"/>
							<tablecol dataattribute="orderunit" id="prlines_prlines_table_tablebody_6" linkedcontrolid="prlines_grid3a_3" sigoptiondatasrc="mainrecord" sortable="true"/>
							<tablecol dataattribute="unitcost" id="prlines_prlines_table_tablebody_8" linkedcontrolid="prlines_grid3a_5" sigoptiondatasrc="mainrecord" sortable="true"/>
							<tablecol dataattribute="linecost" id="prlines_prlines_table_tablebody_9" inputmode="readonly" linkedcontrolid="prlines_grid3a_6" sigoptiondatasrc="mainrecord"/>
							<tablecol dataattribute="tax1" id="prlines_prlines_table_tablebody_11" inputmode="readonly" linkedcontrolid="prlines_grid3a_8" sigoptiondatasrc="mainrecord"/>
							<tablecol filterable="false" id="prlines_prlines_table_tablebody_121" mxevent="viewrelrec" mxevent_desc="関連レコードの表示" mxevent_icon="ac22_relatedRecords.png" sortable="false" type="event"/>
							<tablecol filterable="false" id="prlines_prlines_table_tablebody_13" mxevent="toggledeleterow" mxevent_desc="行を削除対象にマーク" mxevent_icon="btn_garbage.gif" sortable="false" type="event"/>
						</tablebody>
						<tabledetails id="prlines_table_1">
							<section id="prlines_grid2" label="明細項目" sigoptiondatasrc="mainrecord">
								<sectionrow id="prlines_grid2_r1">
									<sectioncol id="prlines_grid2_c1">
										<section id="prlines_grid2a">
											<textbox dataattribute="prlinenum" id="prlines_grid2a_1" sizeintable="5"/>
											<combobox dataattribute="linetype" id="prlines_grid2a_2" inputmode="readonly"/>
											<multiparttextbox dataattribute="itemnum" defaultfocus="true" descdataattribute="description" desclookup="none" id="prlines_grid2a_3" lookup="ITEM" menutype="NORMAL"/>
											<textbox dataattribute="REMARK" id="1559622576822" label="備考"/>
										</section>
									</sectioncol>
									<sectioncol id="prlines_grid2_c2">
										<section id="prlines_grid2b">
											<textbox dataattribute="EX_VENDELIVERYDATE" id="prlines_grid5b_7" lookup="datelookup"/>
											<textbox dataattribute="EX_DELIVERYPOINT" id="1603334954343"/>
										</section>
									</sectioncol>
								</sectionrow>
							</section>
							<section id="prlines_grid3" sigoptiondatasrc="mainrecord">
								<sectionrow id="prlines_grid3_r1">
									<sectioncol id="prlines_grid3_c1">
										<section id="prlines_grid3a" label="数量とコスト">
											<sectionrow id="prlines_grid3b">
												<sectioncol id="prlines_grid3c">
													<section id="prlines_grid3d">
														<textbox dataattribute="orderqty" id="prlines_grid3a_2" label="必要数量" size="14" sizeintable="8" synchronous="true"/>
														<textbox dataattribute="orderunit" id="prlines_grid3a_3" lookup="measureunit" sizeintable="7"/>
														<textbox dataattribute="unitcost" id="prlines_grid3a_5" size="14" synchronous="true"/>
														<textbox dataattribute="linecost" id="prlines_grid3a_6" inputmode="readonly" size="14"/>
													</section>
												</sectioncol>
												<sectioncol id="prlines_grid3e">
													<section id="prlines_grid3f">
														<checkbox dataattribute="taxexempt" id="prlines_grid2a_8a"/>
														<textbox dataattribute="tax1code" id="prlines_grid3a_7" lookup="taxcode" sizeintable="6"/>
														<textbox dataattribute="tax1" id="prlines_grid3a_8" inputmode="readonly" size="14" sizeintable="4"/>
														<textbox dataattribute="loadedcost" id="prlines_grid3a_9" size="14"/>
													</section>
												</sectioncol>
												<sectioncol id="1565052845887">
													<section id="1565052850840">
														<textbox dataattribute="contractrefnum" id="prlines_grid5b_1" inputmode="readonly" label="契約"/>
														<textbox dataattribute="contractref.contracttype" id="prlines_grid5b_2" inputmode="readonly"/>
														<textbox dataattribute="contractrefrev" id="prlines_grid5b_9"/>
													</section>
												</sectioncol>
											</sectionrow>
										</section>
									</sectioncol>
									<sectioncol id="prlines_grid4_c1">
										<section id="prlines_grid4a" label="請求">
											<multiparttextbox applink="EX_WOTR" dataattribute="WONUM" descdataattribute="WORKORDER.DESCRIPTION" descinputmode="readonly" desclookup="none" id="1606447239811" lookup="WORKORDER" menutype="normal"/>
											<multiparttextbox applink="EX_LOC" dataattribute="LOCATION" descdataattribute="EX_LOCATIONS01.DESCRIPTION" descinputmode="readonly" desclookup="none" id="1606447242635" lookup="ex_locations" menutype="NORMAL"/>
											<multiparttextbox applink="EX_ASSET" dataattribute="ASSETNUM" descdataattribute="ASSET.DESCRIPTION" descinputmode="readonly" desclookup="none" id="1606447244901" label="機器" lookup="ASSET" menutype="ASSETMAIN"/>
										</section>
									</sectioncol>
								</sectionrow>
								<sectionrow id="prlines_grid5_r1">
									<sectioncol id="prlines_grid5_c1">
										<section id="prlines_grid5_c1a" label="関連するレコード">
											<sectionrow id="prlines_grid5_cla1">
												<sectioncol id="prlines_grid5_cla2">
													<section id="prlines_grid5a">
														<textbox applink="VIEWDR" dataattribute="mrnum" id="prlines_grid5a_1" menutype="NORMAL"/>
														<textbox dataattribute="mrlinenum" id="prlines_grid5a_2"/>
														<textbox dataattribute="rfqlinenum" id="prlines_grid5a_6"/>
													</section>
												</sectioncol>
												<sectioncol id="prlines_grid5_cla3">
													<section id="prlines_grid5_cla4">
														<textbox applink="EX_PO" dataattribute="ponum" id="prlines_grid5a_3" menutype="normal"/>
														<textbox dataattribute="polinenum" id="prlines_grid5a_4"/>
													</section>
												</sectioncol>
											</sectionrow>
										</section>
									</sectioncol>
									<sectioncol id="prlines_grid5b_c2">
										<section id="prlines_grid5b" label="詳細">
											<multiparttextbox dataattribute="ENTERBY" descdataattribute="EX_PERSON01.DISPLAYNAME" descinputmode="readonly" desclookup="none" id="1564728529363" lookup="PERSON"/>
											<textbox dataattribute="enterdate" id="prlines_grid5b_4" lookup="datelookup"/>
											<multiparttextbox dataattribute="REQUESTEDBY" descdataattribute="EX_PERSON02.DISPLAYNAME" descinputmode="readonly" desclookup="none" id="1564728532236" lookup="PERSON"/>
											<textbox dataattribute="reqdeliverydate" id="prlines_grid5b_6" lookup="datelookup"/>
										</section>
									</sectioncol>
								</sectionrow>
							</section>
						</tabledetails>
						<buttongroup id="prlines_prlines_table_2" sigoptiondatasrc="mainrecord">
							<pushbutton id="prlines_prlines_table_2_2a" label="契約項目" mxevent="contractitems" sigoptiondatasrc="mainrecord"/>
							<pushbutton id="prlines_prlines_table_2_4" label="契約の表示" mxevent="viewagreements" sigoptiondatasrc="mainrecord"/>
							<pushbutton default="true" id="prlines_prlines_table_2_3" label="新規行" mxevent="addrow" sigoptiondatasrc="mainrecord"/>
						</buttongroup>
					</table>
				</tab>
			</tabgroup>
		</clientarea>
		<include controltoclone="pageFooter" id="INCLUDE-pageFooter"/>
	</page>

	<dialog id="viewrelrec" label="関連レコードの表示">
		<tabgroup id="viewrelrec_tabs">
			<tab default="true" id="view_related_po_tab" label="注文書">
				<table id="view_related_po_tab_table" label="注文書" relationship="POLINE">
					<tablebody displayrowsperpage="10" filterable="true" id="view_related_po_tab_table_main">
						<tablecol dataattribute="prline.prlinenum" id="view_related_po_tab_table_tablebody_30" inputmode="readonly"/>
						<tablecol dataattribute="ponum" id="view_related_po_tab_table_tablebody_3" sortable="true">
							<textbox applink="po" id="view_related_po_tab_table_tablebody_31" inputmode="readonly" menutype="normal"/>
						</tablecol>
						<tablecol dataattribute="revisionnum" id="view_related_po_tab_table_tablebody_91" inputmode="readonly"/>
						<tablecol dataattribute="polinenum" id="view_related_po_tab_table_tablebody_9" inputmode="readonly"/>
						<tablecol dataattribute="itemnum" id="view_related_po_tab_table_tablebody_11b" inputmode="readonly"/>
						<tablecol dataattribute="description" id="view_related_po_tab_table_tablebody_11a" inputmode="readonly"/>
						<tablecol dataattribute="orderqty" id="view_related_po_tab_table_tablebody_11c" inputmode="readonly"/>
						<tablecol dataattribute="orderunit" id="view_related_po_tab_table_tablebody_11d" inputmode="readonly"/>
						<tablecol dataattribute="linecost" id="view_related_po_tab_table_tablebody_11e" inputmode="readonly"/>
						<tablecol dataattribute="porev.status" id="view_related_po_tab_table_tablebody_11" inputmode="readonly"/>
						<tablecol dataattribute="siteid" id="view_related_po_tab_table_tablebody_5" inputmode="readonly"/>
						<tablecol dataattribute="REQUESTEDBY" id="view_related_po_tab_table_tablebody_10" inputmode="readonly"/>
					</tablebody>
				</table>
			</tab>
			<tab id="view_related_rfq_tab" label="見積要求">
				<table id="view_related_rfq_tab_table" label="見積要求" relationship="RFQLINE">
					<tablebody displayrowsperpage="10" filterable="true" id="view_related_rfq_tab_table_main">
						<tablecol dataattribute="prline.prlinenum" id="view_related_rfq_tab_table_tablebody_30" inputmode="readonly"/>
						<tablecol dataattribute="rfqnum" id="view_related_rfq_tab_table_tablebody_3" sortable="true">
							<textbox applink="rfq" id="view_related_rfq_tab_table_tablebody_31" inputmode="readonly" menutype="normal"/>
						</tablecol>
						<tablecol dataattribute="rfqlinenum" id="view_related_rfq_tab_table_tablebody_9"/>
						<tablecol dataattribute="rfq.description" id="view_related_rfq_tab_table_tablebody_11a" inputmode="readonly"/>
						<tablecol dataattribute="rfq.status" id="view_related_rfq_tab_table_tablebody_11" inputmode="readonly"/>
						<tablecol dataattribute="siteid" id="view_related_rfq_tab_table_tablebody_5" inputmode="readonly"/>
						<tablecol dataattribute="vendor" id="view_related_rfq_tab_table_tablebody_5a" inputmode="readonly"/>
						<tablecol dataattribute="requestedby" id="view_related_rfq_tab_table_tablebody_10" inputmode="readonly"/>
					</tablebody>
				</table>
			</tab>
			<tab id="view_related_receipts_tab" label="資材受領">
				<table id="view_related_receipts_tab_table" label="資材受領" relationship="MATRECTRANS">
					<tablebody displayrowsperpage="10" filterable="true" id="view_related_receipts__tab_table_main">
						<tablecol dataattribute="prlineview.prlinenum" id="view_related_receipts__tab_table_tablebody_30" inputmode="readonly"/>
						<tablecol dataattribute="itemnum" id="view_related_receipts__tab_table_tablebody_30a" inputmode="readonly"/>
						<tablecol dataattribute="poline.description" id="view_related_receipts__tab_table_tablebody_30b" inputmode="readonly"/>
						<tablecol dataattribute="RECEIPTQUANTITY" id="view_related_receipts__tab_table_tablebody_3" inputmode="readonly"/>
						<tablecol dataattribute="RECEIVEDUNIT" id="view_related_receipts__tab_table_tablebody_9" inputmode="readonly"/>
						<tablecol dataattribute="ISSUETYPE" id="view_related_receipts__tab_table_tablebody_11a" inputmode="readonly" label="タイプ"/>
						<tablecol dataattribute="POREV.RECEIPTS" id="view_related_receipts__tab_table_tablebody_11b" inputmode="readonly" label="受領ステータス"/>
						<tablecol dataattribute="status" id="view_related_receipts__tab_table_tablebody_11" inputmode="readonly"/>
						<tablecol dataattribute="siteid" id="view_related_receipts__tab_table_tablebody_5" inputmode="readonly"/>
						<tablecol dataattribute="transdate" id="view_related_receipts__tab_table_tablebody_10" inputmode="readonly"/>
						<tablecol dataattribute="linecost" id="view_related_receipts__tab_table_tablebody_101" inputmode="readonly"/>
						<tablecol dataattribute="GLDEBITACCT" id="view_related_receipts__tab_table_tablebody_10a" inputmode="readonly"/>
						<tablecol dataattribute="GLCREDITACCT" id="view_related_receipts__tab_table_tablebody_10b" inputmode="readonly"/>
						<tablecol dataattribute="enterby" id="view_related_receipts__tab_table_tablebody_10c" inputmode="readonly"/>
					</tablebody>
				</table>
			</tab>
			<tab id="view_related_receipts1_tab" label="サービス受領">
				<table id="view_related_receipts1_tab_table" label="サービス受領" relationship="SERVRECTRANS">
					<tablebody displayrowsperpage="10" filterable="true" id="view_related_receipts1__tab_table_main">
						<tablecol dataattribute="prlineview.prlinenum" id="view_related_receipts1__tab_table_tablebody_30" inputmode="readonly"/>
						<tablecol dataattribute="itemnum" id="view_related_receipts1__tab_table_tablebody_30a" inputmode="readonly"/>
						<tablecol dataattribute="poline.description" id="view_related_receipts1__tab_table_tablebody_30b" inputmode="readonly"/>
						<tablecol dataattribute="QTYTORECEIVE" id="view_related_receipts1__tab_table_tablebody_3" inputmode="readonly"/>
						<tablecol dataattribute="ISSUETYPE" id="view_related_receipts1__tab_table_tablebody_11a" inputmode="readonly" label="タイプ"/>
						<tablecol dataattribute="POREV.RECEIPTS" id="view_related_receipts1__tab_table_tablebody_11b" inputmode="readonly" label="受領ステータス"/>
						<tablecol dataattribute="status" id="view_related_receipts1__tab_table_tablebody_11" inputmode="readonly"/>
						<tablecol dataattribute="siteid" id="view_related_receipts1__tab_table_tablebody_5" inputmode="readonly"/>
						<tablecol dataattribute="transdate" id="view_related_receipts1__tab_table_tablebody_10" inputmode="readonly"/>
						<tablecol dataattribute="linecost" id="view_related_receipts1__tab_table_tablebody_101" inputmode="readonly"/>
						<tablecol dataattribute="GLDEBITACCT" id="view_related_receipts1__tab_table_tablebody_10a" inputmode="readonly"/>
						<tablecol dataattribute="GLCREDITACCT" id="view_related_receipts1__tab_table_tablebody_10b" inputmode="readonly"/>
						<tablecol dataattribute="enterby" id="view_related_receipts1__tab_table_tablebody_10c" inputmode="readonly" label="入力者"/>
					</tablebody>
				</table>
			</tab>
			<tab id="view_related_inv_tab" label="請求書">
				<table id="view_related_inv_tab_table" label="請求書" relationship="INVOICELINE">
					<tablebody displayrowsperpage="10" filterable="true" id="view_related_inv_tab_table_main">
						<tablecol dataattribute="poline.prline.prlinenum" id="view_related_inv_tab_table_tablebody_300" inputmode="readonly"/>
						<tablecol dataattribute="polinenum" id="view_related_inv_tab_table_tablebody_30" inputmode="readonly"/>
						<tablecol dataattribute="invoicenum" id="view_related_inv_tab_table_tablebody_3" sortable="true">
							<textbox applink="invoice" id="view_related_inv_tab_table_tablebody_31" inputmode="readonly" menutype="normal"/>
						</tablecol>
						<tablecol dataattribute="invoicelinenum" id="view_related_inv_tab_table_tablebody_9" inputmode="readonly"/>
						<tablecol dataattribute="invoice.documenttype" id="view_related_inv_tab_table_tablebody_11a" inputmode="readonly"/>
						<tablecol dataattribute="invoice.glpostdate" id="view_related_inv_tab_table_tablebody_11b" inputmode="readonly"/>
						<tablecol dataattribute="invoice.status" id="view_related_inv_tab_table_tablebody_11b1" inputmode="readonly"/>
						<tablecol dataattribute="siteid" id="view_related_inv_tab_table_tablebody_102" inputmode="readonly"/>
						<tablecol dataattribute="vendor" id="view_related_inv_tab_table_tablebody_11c" inputmode="readonly"/>
						<tablecol dataattribute="invoiceqty" id="view_related_inv_tab_table_tablebody_11" inputmode="readonly"/>
						<tablecol dataattribute="unitcost" id="view_related_inv_tab_table_tablebody_102b" inputmode="readonly"/>
						<tablecol dataattribute="tax1" id="view_related_inv_tab_table_tablebody_5" inputmode="readonly"/>
						<tablecol dataattribute="linecost" id="view_related_inv_tab_table_tablebody_101" inputmode="readonly"/>
					</tablebody>
				</table>
			</tab>
			<tab id="view_related_invoicetrans_tab" label="請求書トランザクション">
				<table id="view_related_invoicetr_tab_table" label="請求書トランザクション" relationship="INVOICETRANS">
					<tablebody displayrowsperpage="10" filterable="true" id="view_related_invoicetr__tab_table_main">
						<tablecol dataattribute="invoicenum" id="view_related_invoicetr__tab_table_tablebody_3" inputmode="readonly"/>
						<tablecol dataattribute="invoicelinenum" id="view_related_invoicetr__tab_table_tablebody_9" inputmode="readonly"/>
						<tablecol dataattribute="invoice.documenttype" id="view_related_invoicetr__tab_table_tablebody_11a" inputmode="readonly"/>
						<tablecol dataattribute="actualdate" id="view_related_invoicetr__tab_table_tablebody_11b" inputmode="readonly"/>
						<tablecol dataattribute="siteid" id="view_related_invoicetr__tab_table_tablebody_5" inputmode="readonly"/>
						<tablecol dataattribute="INVOICELINE.ponum" id="view_related_invoicetr__tab_table_tablebody_30" inputmode="readonly"/>
						<tablecol dataattribute="vendor" id="view_related_invoicetr__tab_table_tablebody_11" inputmode="readonly"/>
						<tablecol dataattribute="transtype" id="view_related_invoicetr__tab_table_tablebody_10" inputmode="readonly"/>
						<tablecol dataattribute="linecost" id="view_related_invoicetr__tab_table_tablebody_10b" inputmode="readonly"/>
						<tablecol dataattribute="gldebitacct" id="view_related_invoicetr__tab_table_tablebody_10c" inputmode="readonly"/>
						<tablecol dataattribute="glcreditacct" id="view_related_invoicetr__tab_table_tablebody_10d" inputmode="readonly"/>
					</tablebody>
				</table>
			</tab>
			<tab id="view_related_cnt_tab" label="契約の参照">
				<table id="view_related_cnt_tab_table" label="契約" relationship="CONTRACTREFLINE">
					<tablebody displayrowsperpage="10" filterable="true" id="view_related_cnt_tab_table_main">
						<tablecol dataattribute="contractnum" id="view_related_cnt_tab_table_tablebody_3" sortable="true">
							<textbox applink="contpurch" id="view_related_cnt_tab_table_tablebody_31" inputmode="readonly" menutype="normal"/>
						</tablecol>
						<tablecol dataattribute="contractlinenum" id="view_related_cnt_tab_table_tablebody_9" inputmode="readonly"/>
						<tablecol dataattribute="contract.revisionnum" id="view_related_icnt_tab_table_tablebody_11a" inputmode="readonly"/>
						<tablecol dataattribute="contract.contracttype" id="view_related_cnt_tab_table_tablebody_11" inputmode="readonly"/>
						<tablecol dataattribute="orderqty" id="view_related_cnt_tab_table_tablebody_5" inputmode="readonly"/>
						<tablecol dataattribute="orderunit" id="view_related_cntv_tab_table_tablebody_10" inputmode="readonly"/>
						<tablecol dataattribute="unitcost" id="view_related_cnt_tab_table_tablebody_51" inputmode="readonly"/>
						<tablecol dataattribute="linecost" id="view_related_cnt_tab_table_tablebody_101" inputmode="readonly"/>
					</tablebody>
				</table>
			</tab>
		</tabgroup>
		<buttongroup id="viewRelRec_btn">
			<pushbutton default="true" id="viewRelRec_btnOK" label="OK" mxevent="dialogclose"/>
		</buttongroup>
	</dialog>

	<dialog beanclass="psdi.webclient.system.beans.QbeBean" id="searchmore" inputmode="query" label="検索条件の入力">
		<section id="qbe_grid2">
			<sectionrow id="qbe_grid2_1">
				<sectioncol id="qbe_grid2_1_1_col1">
					<section id="qbe_grid2_1_1_grid3">
						<multiparttextbox dataattribute="prnum" descdataattribute="description" descinputmode="query" id="qbe_grid2_1_1_grid3_1" inputmode="query"/>
						<textbox dataattribute="EX_PURCHASEDIV" id="1576224086763" inputmode="query" lookup="VALUELIST"/>
						<textbox dataattribute="requestedby" id="qbe_grid2_1_1_grid3_5" inputmode="query" lookup="person"/>
						<textbox dataattribute="EX_DELIVERYPOINT" id="1604975183667"/>
						<multiparttextbox dataattribute="vendor" descdataattribute="companies.name" descinputmode="query" id="qbe_grid2_1_1_grid3_6" inputmode="query" label="契約販売元" lookup="companies"/>
					</section>
				</sectioncol>
				<sectioncol id="1576224353460">
					<section id="qbe_grid2_1_1_grid5">
						<textbox dataattribute="status" id="qbe_grid2_1_1_grid3_3" inputmode="query" lookup="valuelist"/>
						<textbox dataattribute="siteid" id="qbe_grid2_1_1_grid3_4" inputmode="query" lookup="site"/>
						<textbox dataattribute="historyflag" id="qbe_grid2_1_1_grid4_11" inputmode="query"/>
					</section>
				</sectioncol>
				<sectioncol id="qbe_grid2_1_2_col2"/>
			</sectionrow>
		</section>
		<section id="qbe_grid888" label="明細の詳細">
			<sectionrow id="qbe_grid2_2">
				<sectioncol id="qbe_grid2_2_col1">
					<section id="qbe_grid2_2_col1_sec1">
						<multiparttextbox dataattribute="PRLINE.ITEMNUM" descdataattribute="PRLINE.DESCRIPTION" descinputmode="query" desclookup="NONE" id="1576224679492" inputmode="query" lookup="ITEM"/>
					</section>
				</sectioncol>
				<sectioncol id="qbe_grid2_2_col2">
					<section id="qbe_grid2_1_2_grid6_row2_col2_sec1">
						<textbox dataattribute="PRLINE.refwo" id="qbe_grid2_1_1_grid5_12" inputmode="query" lookup="workorder"/>
					</section>
				</sectioncol>
				<sectioncol id="qbe_grid2_2_col3"/>
			</sectionrow>
		</section>
		<section id="qbe_date_s1" label="日付">
			<sectionrow id="qbe_date_r1">
				<sectioncol id="qbe_date_r1_c1">
					<section id="qbe_date_r1_c1_s1">
						<sectionrow id="qbe_date_s1_r1">
							<sectioncol id="qbe_date_s1_r1_c1">
								<section id="qbe_date_s1_r1_c1_s1">
									<statictext align="center" id="qbe_date_s1_r1_c1_s1_st1"/>
								</section>
							</sectioncol>
							<sectioncol id="qbe_date_s1_r1_c2">
								<section id="qbe_date_s1_r1_c2_s1">
									<statictext align="center" id="qbe_date_s1_r1_c2_s1_st1" label="開始日"/>
								</section>
							</sectioncol>
							<sectioncol id="qbe_date_s1_r1_c3">
								<section id="qbe_date_s1_r1_c3_s1">
									<statictext align="center" id="qbe_date_s1_r1_c3_s1_st1" label="終了日"/>
								</section>
							</sectioncol>
						</sectionrow>
						<sectionrow id="qbe_date_s1_r2">
							<sectioncol id="qbe_date_s1_r2_c1">
								<section id="qbe_date_s1_r2_c1_s1">
									<statictext align="right" id="qbe_date_s1_r2_c1_s1_t1" label="納入希望日"/>
								</section>
							</sectioncol>
							<sectioncol id="qbe_date_s1_r2_c2">
								<section id="qbe_date_s1_r2_c2_s1">
									<textbox dataattribute="REQUIREDDATE" hidelabel="true" id="qbe_grid2_1_1_grid7_4" inputmode="query" lookup="datelookup" prepend="&gt;="/>
								</section>
							</sectioncol>
							<sectioncol id="qbe_date_s1_r2_c3">
								<section id="qbe_date_s1_r2_c3_s1">
									<textbox dataattribute="REQUIREDDATE" hidelabel="true" id="qbe_grid2_1_1_grid7_3" inputmode="query" lookup="datelookup" prepend="&lt;="/>
								</section>
							</sectioncol>
						</sectionrow>
					</section>
				</sectioncol>
				<sectioncol id="qbe_date_r1_c2">
					<section id="qbe_date_r1_c2_s1">
						<blankline id="qbe_blkline"/>
					</section>
				</sectioncol>
			</sectionrow>
		</section>
		<buttongroup id="qbe_grid5_1_1_grid6">
			<pushbutton default="true" id="qbe_grid5_1_1_grid6_1" label="検索" mxevent="dialogok"/>
			<pushbutton id="qbe_restoreappdefault_button" label="検索条件のクリア" mxevent="qbeclear"/>
			<pushbutton id="qbe_revisebutton" label="改訂" menutype="SEARCHMOREREVISE" targetid="searchmore"/>
			<pushbutton id="qbe_grid5_1_1_grid6_3" label="キャンセル" mxevent="qbecancel"/>
		</buttongroup>
	</dialog>

	<dialog beanclass="psdi.webclient.system.beans.MultiselectDataBean" id="vendorlist" label="販売元部品" parentdatasrc="MAINRECORD" relationship="INVVENDOR">
		<table id="vendorlist_virtualset1" label="販売元部品" selectmode="multiple">
			<tablebody displayrowsperpage="15" filterable="true" id="vendorlist_virtualset1_tablebody">
				<tablecol filterable="false" id="vendorlist_virtualset1_tablebody_1" mxevent="toggleselectrow" sortable="false" type="event"/>
				<tablecol dataattribute="itemnum" id="vendorlist_virtualset1_tablebody_2"/>
				<tablecol dataattribute="item.itemtype" id="vendorlist_virtualset1_tablebody_10" sortable="false"/>
				<tablecol dataattribute="item.description" id="vendorlist_virtualset1_tablebody_3" sortable="false"/>
				<tablecol dataattribute="manufacturer" id="vendorlist_virtualset1_tablebody_4"/>
				<tablecol dataattribute="orderQty" id="vendorlist_virtualset1_tablebody_5" sortable="false"/>
				<tablecol dataattribute="modelnum" id="vendorlist_virtualset1_tablebody_6"/>
				<tablecol dataattribute="catalogcode" id="vendorlist_virtualset1_tablebody_7"/>
				<tablecol dataattribute="orderunit" id="vendorlist_virtualset1_tablebody_8"/>
				<tablecol dataattribute="lastcost" id="vendorlist_virtualset1_tablebody_9"/>
			</tablebody>
		</table>
		<buttongroup id="vendorlist_2">
			<pushbutton default="true" id="vendorlist_2_1" label="OK" mxevent="dialogok" value="addInvVendorItemsToPRLine"/>
			<pushbutton id="vendorlist_2_2" label="キャンセル" mxevent="dialogcancel"/>
		</buttongroup>
	</dialog>

	<dialog id="viewhist" label="履歴の表示">
		<table id="viewhist_prstatus" label="ステータス履歴" orderby="changedate desc" relationship="PRSTATUS">
			<tablebody displayrowsperpage="20" filterable="true" id="viewhist_prstatus_tablebody">
				<tablecol dataattribute="status" id="viewhist_prstatus_tablebody_1"/>
				<tablecol dataattribute="changedate" id="viewhist_prstatus_tablebody_2"/>
				<tablecol dataattribute="changeby" id="viewhist_prstatus_tablebody_3"/>
				<tablecol dataattribute="memo" id="viewhist_prstatus_tablebody_4"/>
			</tablebody>
		</table>
		<buttongroup id="viewhist_2">
			<pushbutton default="true" id="viewhist_2_1" label="OK" mxevent="dialogcancel"/>
		</buttongroup>
	</dialog>

	<dialog beanclass="psdi.webclient.beans.common.ChangeStatusBean" id="status" label="ステータスの変更" relationship="PRCHANGESTATUS" savemode="ONLOADUNLOAD">
		<section border="true" datasrc="MAINRECORD" id="changestatus_grid1_1_1_grid3">
			<multiparttextbox dataattribute="prnum" descdataattribute="description" descinputmode="readonly" id="changestatus_grid1_1_1_grid3_1" inputmode="readonly"/>
			<multiparttextbox dataattribute="status" descdataattribute="statusdesc.description" descinputmode="readonly" id="changestatus_grid1_1_1_grid3_5"/>
		</section>
		<section id="changestatus_grid1_1_1_grid4">
			<textbox dataattribute="memo" id="changestatus_grid1_1_1_grid4_4" sigoption="MEMOABOVESTATUS"/>
			<combobox dataattribute="status" id="changestatus_grid1_1_1_grid4_1"/>
			<textbox dataattribute="statdate" id="changestatus_grid1_1_1_grid4_2" lookup="datelookup"/>
			<textbox dataattribute="memo" id="changestatus_grid1_1_1_grid4_3" sigoption="MEMOBELOWSTATUS"/>
		</section>
		<buttongroup id="changestatus_2">
			<pushbutton default="true" id="changestatus_2_1" label="OK" mxevent="dialogok"/>
			<pushbutton id="changestatus_2_2" label="キャンセル" mxevent="dialogcancel"/>
		</buttongroup>
	</dialog>

	<dialog id="createcont" label="契約の作成" relationship="CREATECONTRACT">
		<helpgrid id="createcont_help" innerhtml="契約番号を入力するか、「自動ナンバリング」をクリックして契約番号を生成します。「OK」をクリックして契約を作成します。"/>
		<section id="createcont_grid1a_1_1_grid1">
			<multiparttextbox dataattribute="contractnum" descdataattribute="description" id="createcont_grid1a_1_1_grid1_1"/>
			<combobox dataattribute="contracttype" id="createcont_grid1a_1_1_grid1_3"/>
		</section>
		<buttongroup id="createcont_2">
			<pushbutton id="createcont_createcont_table_1_1" label="自動ナンバリング" mxevent="setContractAutoKey"/>
			<pushbutton default="true" id="createcont_2_1" label="OK" mxevent="dialogok"/>
			<pushbutton id="createcont_2_2" label="キャンセル" mxevent="dialogcancel"/>
		</buttongroup>
	</dialog>

	<dialog beanclass="psdi.webclient.beans.pr.DistCostsBean" datasrc="prlines_prlines_table" id="distcosts" label="コストの分配" savemode="ONUNLOAD">
		<helpgrid id="distcosts_help" innerhtml="現在の購買要求書明細のコストを追加の勘定科目に分配するには「新規行」をクリックします。「OK」をクリックすると、変更した内容を保存して戻ります。"/>
		<section border="true" height="160" id="distcosts_grid1">
			<sectionrow id="distcosts_grid1_1">
				<sectioncol id="distcosts_grid1_1_1">
					<section border="true" id="distcosts_grid1_1_1_grid2">
						<textbox dataattribute="itemnum" id="distcosts_grid1_1_1_grid2_1" inputmode="readonly"/>
						<textbox dataattribute="description" id="distcosts_grid1_1_1_grid2_2" inputmode="readonly" title="Item Description"/>
						<textbox dataattribute="orderqty" id="distcosts_grid1_1_1_grid2_3" inputmode="readonly"/>
						<textbox dataattribute="orderunit" id="distcosts_grid1_1_1_grid2_4" inputmode="readonly"/>
						<textbox dataattribute="conversion" id="distcosts_grid1_1_1_grid2_5" inputmode="readonly"/>
						<textbox dataattribute="unitcost" id="distcosts_grid1_1_1_grid2_6" inputmode="readonly"/>
						<textbox dataattribute="linecost" id="distcosts_grid1_1_1_grid2_7" inputmode="readonly"/>
					</section>
					<table id="distcosts_grid1_1_1_pocost_table" label="コスト" relationship="PRCOST">
						<tablebody displayrowsperpage="20" id="distcosts_grid1_1_1_pocost_table_tablebody">
							<tablecol filterable="false" id="distcosts_grid1_1_1_pocost_table_tablebody_1" mxevent="toggledetailstate" mxevent_desc="詳細の表示" sortable="false" type="event"/>
							<tablecol dataattribute="percentage" id="distcosts_grid1_1_1_pocost_table_tablebody_2" linkedcontrolid="distcosts_grid1_1_1_pocost_table_1_grid4_1"/>
							<tablecol dataattribute="linecost" id="distcosts_grid1_1_1_pocost_table_tablebody_3" linkedcontrolid="distcosts_grid1_1_1_pocost_table_1_grid4_2"/>
							<tablecol dataattribute="loadedcost" id="distcosts_grid1_1_1_pocost_table_tablebody_4"/>
							<tablecol dataattribute="gldebitacct" id="distcosts_grid1_1_1_pocost_table_tablebody_5" linkedcontrolid="distcosts_grid1_1_1_pocost_table_1_grid4_3"/>
							<tablecol filterable="false" id="distcosts_grid1_1_1_pocost_table_tablebody_6" mxevent="toggledeleterow" mxevent_desc="行を削除対象にマーク" mxevent_icon="btn_garbage.gif" sortable="false" type="event"/>
						</tablebody>
						<tabledetails id="distcosts_grid1_1_1_pocost_table_1">
							<section border="false" id="distcosts_grid1_1_1_pocost_table_1_grid4">
								<textbox dataattribute="percentage" defaultfocus="true" id="distcosts_grid1_1_1_pocost_table_1_grid4_1"/>
								<textbox dataattribute="linecost" id="distcosts_grid1_1_1_pocost_table_1_grid4_2"/>
								<textbox dataattribute="gldebitacct" id="distcosts_grid1_1_1_pocost_table_1_grid4_3" lookup="glnavigator"/>
							</section>
						</tabledetails>
						<buttongroup id="distcosts_grid1_1_1_pocost_table_2">
							<pushbutton default="true" id="distcosts_grid1_1_1_pocost_table_2_1" label="新規行" mxevent="addrow"/>
						</buttongroup>
					</table>
				</sectioncol>
			</sectionrow>
		</section>
		<buttongroup id="distcosts_2">
			<pushbutton default="true" id="distcosts_2_1" label="OK" mxevent="dialogok"/>
			<pushbutton id="distcosts_2_2" label="キャンセル" mxevent="dialogcancel"/>
		</buttongroup>
	</dialog>

	<dialog beanclass="psdi.webclient.system.beans.ViewBookmarksBean" id="searchbook" label="ブックマーク" mboname="PR">
		<table id="bookmarks_table" inputmode="readonly" label="購買要求書" selectmode="single">
			<tablebody displayrowsperpage="20" filterable="true" id="bookmarks_table_tablebody">
				<tablecol dataattribute="prnum" id="bookmarks_tablebody_1" mxevent="selectrecord" type="link"/>
				<tablecol dataattribute="description" id="bookmarks_table_tablebody_2"/>
				<tablecol filterable="false" id="bookmarks_table_tablebody_delete" mxevent="instantdelete" mxevent_desc="削除" mxevent_icon="btn_delete.gif" sortable="false" type="event"/>
			</tablebody>
		</table>
		<buttongroup id="bookmarks_2">
			<pushbutton default="true" id="bookmarks_2_1" label="OK" mxevent="dialogok"/>
		</buttongroup>
	</dialog>

	<dialog beanclass="psdi.webclient.beans.common.ChangeStatusBean" id="list_status" label="ステータスの変更" relationship="PRCHANGESTATUS" savemode="ONUNLOAD">
		<section id="list_changestatus_grid1">
			<sectionrow id="list_changestatus_grid1_1">
				<sectioncol id="list_changestatus_grid1_1_1">
					<section id="list_changestatus_grid1_1_1_grid4">
						<textbox dataattribute="Memo" id="list_changestatus_grid1_1_1_grid4_4" sigoption="MEMOABOVESTATUS"/>
						<combobox dataattribute="status" id="list_changestatus_grid1_1_1_grid4_1"/>
						<textbox dataattribute="statdate" id="list_changestatus_grid1_1_1_grid4_2" lookup="datelookup"/>
						<textbox dataattribute="Memo" id="list_changestatus_grid1_1_1_grid4_3" sigoption="MEMOBELOWSTATUS"/>
					</section>
				</sectioncol>
			</sectionrow>
		</section>
		<buttongroup id="list_changestatus_2">
			<pushbutton default="true" id="list_changestatus_2_1" label="OK" mxevent="dolongop"/>
			<pushbutton id="list_changestatus_2_2" label="キャンセル" mxevent="dialogcancel"/>
		</buttongroup>
	</dialog>

	<dialog id="createpo" label="注文書の作成" relationship="POFROMPRINPUT">
		<helpgrid id="createpo_help" innerhtml="注文書番号を入力するか、「自動ナンバリング」をクリックして番号を生成します。「OK」をクリックして注文書を作成します。"/>
		<section id="createpo_grid1a_1_1_grid1">
			<multiparttextbox dataattribute="ponum" descdataattribute="description" id="createpo_grid1a_1_1_grid1_1"/>
		</section>
		<buttongroup id="createpo_2">
			<pushbutton id="createpo_2_1" label="自動ナンバリング" mxevent="setPOAutoKey"/>
			<pushbutton default="true" id="createpo_2_2" label="OK" mxevent="dialogok"/>
			<pushbutton id="createpo_2_3" label="キャンセル" mxevent="dialogcancel"/>
		</buttongroup>
	</dialog>

	<dialog beanclass="psdi.webclient.beans.pr.ViewContractBean" id="viewagreements" label="契約の表示" parentdatasrc="prlines_prlines_table" relationship="AGREEMENTINPUT">
		<table id="viewagreements_agreements_table" inputmode="readonly" label="契約" rowsperpage="15" width="800">
			<tablebody displayrowsperpage="20" id="viewagreements_agreements_table_tablebody">
				<tablecol dataattribute="contractrefnum" id="viewagreements_agreements_table_tablebody_2" mxevent="selectrecord" mxevent_desc="%1 へ移動" sortable="false" type="link"/>
				<tablecol dataattribute="contracttype" id="viewagreements_agreements_table_tablebody_3" mxevent="selectrecord" mxevent_desc="%1 へ移動" sortable="false" type="link"/>
				<tablecol dataattribute="vendor" id="viewagreements_agreements_table_tablebody_4" mxevent="selectrecord" mxevent_desc="%1 へ移動" sortable="false" type="link"/>
				<tablecol dataattribute="manufacturer" id="viewagreements_agreements_table_tablebody_5" mxevent="selectrecord" mxevent_desc="%1 へ移動" sortable="false" type="link"/>
				<tablecol dataattribute="orderqty" id="viewagreements_agreements_table_tablebody_8" mxevent="selectrecord" mxevent_desc="%1 へ移動" sortable="false" type="link"/>
				<tablecol dataattribute="orderunit" id="viewagreements_agreements_table_tablebody_9" mxevent="selectrecord" mxevent_desc="%1 へ移動" sortable="false" type="link"/>
				<tablecol dataattribute="unitcost" id="1586671558914" mxevent="selectrecord" mxevent_desc="%1 へ移動" sortable="false" type="link"/>
				<tablecol dataattribute="LINECOST" id="viewagreements_agreements_table_tablebody_10" mxevent="selectrecord" mxevent_desc="%1 へ移動" sortable="false" type="link"/>
			</tablebody>
		</table>
		<buttongroup id="viewagreements_2">
			<pushbutton id="viewagreements_2_2" label="キャンセル" mxevent="dialogcancel"/>
		</buttongroup>
	</dialog>

	<dialog beanclass="psdi.webclient.beans.pr.ContractItemBean" id="contractitems" label="契約項目" mboname="CONTRACTLINE" savemode="ONLOAD">
		<table id="contractitems_contractitems_table" label="契約項目" selectmode="multiple" startrow="0" width="800">
			<defaultvalue dataattribute="LINETYPE" defaulttype="query" fromattribute="EX_PURCHASEDIV" fromdatasrc="mainrecord" id="1586692104232"/>
			<tablebody displayrowsperpage="15" filterable="true" id="contract_items_table_tablebody">
				<tablecol filterable="false" id="contract_items_table_tablebody_1" mxevent="toggleselectrow" sortable="false" type="event"/>
				<tablecol dataattribute="contractnum" id="contract_items_table_tablebody_2" sortable="true"/>
				<tablecol dataattribute="LINETYPE" id="1586692053047"/>
				<tablecol dataattribute="itemnum" id="contract_items_table_tablebody_3" sortable="true"/>
				<tablecol dataattribute="description" id="contract_items_table_tablebody_4" sortable="true"/>
				<tablecol dataattribute="orderqty" id="contract_items_table_tablebody_8" sortable="true"/>
				<tablecol dataattribute="UNITCOST" id="1586671416910" sortable="true"/>
				<tablecol dataattribute="LINECOST" id="contract_items_table_tablebody_9" sortable="true"/>
			</tablebody>
		</table>
		<buttongroup id="contract_items_2">
			<pushbutton default="true" id="contract_items_2_1" label="OK" mxevent="dialogok"/>
			<pushbutton id="contract_items_2_2" label="キャンセル" mxevent="dialogcancel"/>
		</buttongroup>
	</dialog>
	<configurationblock id="datastore_configurationblock">
	</configurationblock>
</presentation>
